,Team,Player,Span,Mat,Inns,NO,Runs,HS,Ave,SR,100,50,0
0,Islamabad United,Abrar Ahmed,2023-2023,3,2,-,-,-,0.00,0.00,-,-,2
1,Islamabad United,Agha Salman,2024-2024,12,12,2,310,64*,31.00,140.27,-,2,-
2,Islamabad United,Ahmed Safi Abdullah,2020-2020,3,2,2,9,8*,0.00,69.23,-,-,-
3,Islamabad United,Akif Javed,2020-2021,11,3,3,-,0*,0.00,0.00,-,-,-
4,Islamabad United,Ali Khan,2021-2021,3,-,-,-,-,0.00,0.00,-,-,-
5,Islamabad United,Amad Butt,2017-2020,16,9,2,60,17,8.57,105.26,-,-,2
6,Islamabad United,Ashar Zaidi,2016-2016,3,2,-,8,6,4.00,50.00,-,-,-
7,Islamabad United,Asif Ali,2016-2023,76,66,16,1130,75,22.60,157.60,-,3,3
8,Islamabad United,Athar Mahmood,2022-2022,3,1,1,-,0*,0.00,0.00,-,-,-
9,Islamabad United,Azam Khan,2022-2024,34,30,4,804,97,30.92,155.81,-,5,2
10,Islamabad United,Azhar Mahmood,2016-2016,2,2,2,14,12*,0.00,116.66,-,-,-
11,Islamabad United,Babar Azam,2016-2016,2,2,-,15,15,7.50,57.69,-,-,1
12,Islamabad United,S Badree,2016-2017,7,1,1,2,2*,0.00,100.00,-,-,-
13,Islamabad United,IR Bell,2019-2019,1,1,-,54,54,54.00,117.39,-,1,-
14,Islamabad United,SW Billings,2016-2017,10,9,2,167,78*,23.85,130.46,-,1,1
15,Islamabad United,JM Cox,2024-2024,6,5,1,106,41,26.50,123.25,-,-,-
16,Islamabad United,TK Curran,2023-2023,5,3,1,21,10*,10.50,190.90,-,-,-
17,Islamabad United,Danish Aziz,2022-2022,3,3,1,36,30*,18.00,81.81,-,-,1
18,Islamabad United,LA Dawson,2022-2022,7,7,1,107,31,17.83,125.88,-,-,-
19,Islamabad United,M de Lange,2022-2022,5,3,2,9,7*,9.00,75.00,-,-,-
20,Islamabad United,CS Delport,2019-2019,12,12,1,355,117*,32.27,133.96,1,1,3
21,Islamabad United,BM Duckett,2017-2017,2,2,-,30,16,15.00,88.23,-,-,-
22,Islamabad United,JP Duminy,2018-2018,10,9,2,251,73*,35.85,100.80,-,2,-
23,Islamabad United,Faheem Ashraf,2018-2024,72,55,20,803,55,22.94,144.68,-,3,3
24,Islamabad United,Fawad Ahmed,2021-2021,5,2,2,4,4*,0.00,66.66,-,-,-
25,Islamabad United,Fazalhaq Farooqi,2023-2023,6,2,1,-,0*,0.00,0.00,-,-,1
26,Islamabad United,ST Finn,2018-2018,5,1,-,-,-,0.00,0.00,-,-,1
27,Islamabad United,MW Forde,2024-2024,1,-,-,-,-,0.00,0.00,-,-,-
28,Islamabad United,L Gregory,2021-2021,2,1,1,49,49*,0.00,158.06,-,-,-
29,Islamabad United,MJ Guptill,2024-2024,3,3,-,140,56,46.66,140.00,-,2,-
30,Islamabad United,BJ Haddin,2016-2017,17,17,4,327,73,25.15,130.80,-,4,2
31,Islamabad United,Haider Ali,2024-2024,7,6,2,103,52*,25.75,163.49,-,1,1
32,Islamabad United,AD Hales,2018-2024,35,35,1,908,82*,26.70,138.83,-,4,3
33,Islamabad United,Hasan Ali,2021-2023,27,13,3,120,45,12.00,136.36,-,-,1
34,Islamabad United,Hasan Nawaz,2023-2023,3,3,-,28,21,9.33,100.00,-,-,1
35,Islamabad United,Hunain Shah,2024-2024,10,5,2,9,4*,3.00,69.23,-,-,2
36,Islamabad United,Hussain Talat,2017-2021,40,32,5,619,56,22.92,117.90,-,1,2
37,Islamabad United,Iftikhar Ahmed,2018-2021,13,10,3,230,71*,32.85,118.55,-,1,-
38,Islamabad United,Imad Wasim,2024-2024,12,9,3,126,59*,21.00,128.57,-,1,2
39,Islamabad United,Imran Khalid,2016-2017,12,5,-,39,18,7.80,90.69,-,-,-
40,Islamabad United,CA Ingram,2020-2020,9,9,2,206,63*,29.42,150.36,-,1,-
41,Islamabad United,WG Jacks,2022-2022,2,2,-,11,11,5.50,110.00,-,-,1
42,Islamabad United,Kamran Ghulam,2016-2016,2,1,-,9,9,9.00,75.00,-,-,-
43,Islamabad United,Khalid Latif,2016-2016,9,7,1,206,59,34.33,119.07,-,1,-
44,Islamabad United,UT Khawaja,2021-2021,7,7,2,246,105*,49.20,152.79,1,1,1
45,Islamabad United,BA King,2021-2021,3,3,1,69,46*,34.50,153.33,-,-,-
46,Islamabad United,OC McCoy,2024-2024,2,1,1,-,0*,0.00,0.00,-,-,-
47,Islamabad United,DJ Malan,2020-2020,4,4,1,131,64,43.66,142.39,-,1,-
48,Islamabad United,TS Mills,2024-2024,6,2,2,1,1*,0.00,50.00,-,-,-
49,Islamabad United,Misbah-ul-Haq,2016-2018,26,19,4,381,61*,25.40,109.16,-,1,-
50,Islamabad United,Mohammad Irfan,2016-2017,14,2,2,-,0*,0.00,0.00,-,-,-
51,Islamabad United,Mohammad Sami,2016-2019,36,14,8,39,20*,6.50,100.00,-,-,2
52,Islamabad United,Mohammad Wasim,2021-2023,25,14,6,115,17*,14.37,130.68,-,-,1
53,Islamabad United,Mubasir Khan,2022-2023,14,6,-,49,21,8.16,96.07,-,-,-
54,Islamabad United,Muhammad Akhlaq,2021-2022,7,6,-,46,26,7.66,117.94,-,-,1
55,Islamabad United,Muhammad Hurraira,2022-2022,1,1,-,2,2,2.00,25.00,-,-,-
56,Islamabad United,Muhammad Musa,2019-2022,19,8,6,59,26*,29.50,115.68,-,-,1
57,Islamabad United,C Munro,2020-2024,39,39,4,1322,90*,37.77,153.00,-,12,2
58,Islamabad United,Naseem Shah,2024-2024,11,6,3,62,27,20.66,163.15,-,-,-
59,Islamabad United,Nasir Nawaz,2019-2022,2,2,-,17,14,8.50,77.27,-,-,-
60,Islamabad United,WD Parnell,2019-2019,3,2,-,46,41,23.00,164.28,-,-,-
61,Islamabad United,SR Patel,2018-2019,17,10,4,175,45*,29.16,104.79,-,-,-
62,Islamabad United,N Pooran,2017-2017,1,1,-,1,1,1.00,33.33,-,-,-
63,Islamabad United,Rafatullah Mohmand,2017-2017,3,3,-,46,18,15.33,124.32,-,-,-
64,Islamabad United,Rahmanullah Gurbaz,2022-2023,14,14,1,315,62,24.23,161.53,-,1,1
65,Islamabad United,Rizwan Hussain,2019-2020,9,8,-,82,22,10.25,106.49,-,-,-
66,Islamabad United,Rohail Nazir,2021-2021,4,3,-,43,34,14.33,119.44,-,-,-
67,Islamabad United,L Ronchi,2018-2020,31,31,3,1020,94*,36.42,166.12,-,10,4
68,Islamabad United,Rumman Raees,2016-2024,42,13,8,27,11*,5.40,64.28,-,-,3
69,Islamabad United,AD Russell,2016-2018,14,12,2,110,35*,11.00,119.56,-,-,1
70,Islamabad United,Saeed Ajmal,2016-2017,10,3,2,20,10*,20.00,125.00,-,-,-
71,Islamabad United,Sahibzada Farhan,2018-2019,9,8,1,140,44,20.00,106.06,-,-,-
72,Islamabad United,PD Salt,2019-2021,10,10,-,141,46,14.10,120.51,-,-,1
73,Islamabad United,Shadab Khan,2017-2024,84,70,9,1240,91,20.32,139.32,-,8,7
74,Islamabad United,Sharjeel Khan,2016-2017,12,12,1,300,117,27.27,146.34,1,1,-
75,Islamabad United,DR Smith,2016-2017,13,13,2,427,73,38.81,110.90,-,4,1
76,Islamabad United,Sohaib Maqsood,2023-2023,2,2,-,75,60,37.50,138.88,-,1,-
77,Islamabad United,DW Steyn,2020-2020,4,-,-,-,-,0.00,0.00,-,-,-
78,Islamabad United,PR Stirling,2021-2023,10,10,-,266,58,26.60,166.25,-,3,-
79,Islamabad United,Ubaid Shah,2024-2024,2,1,-,-,-,0.00,0.00,-,-,1
80,Islamabad United,Umar Amin,2016-2021,3,3,-,17,13,5.66,68.00,-,-,1
81,Islamabad United,HE van der Dussen,2023-2023,6,6,-,148,49,24.66,127.58,-,-,-
82,Islamabad United,CAK Walton,2018-2019,9,9,-,186,48,20.66,143.07,-,-,2
83,Islamabad United,Waqas Maqsood,2019-2022,10,2,-,1,1,0.50,16.66,-,-,1
84,Islamabad United,SR Watson,2016-2017,15,15,1,365,79,26.07,125.86,-,1,-
85,Islamabad United,Zafar Gohar,2018-2022,11,6,3,39,13*,13.00,95.12,-,-,-
86,Islamabad United,Zahid Mahmood,2022-2022,2,1,1,3,3*,0.00,33.33,-,-,-
87,Islamabad United,Zahir Khan,2022-2022,2,1,1,-,0*,0.00,0.00,-,-,-
88,Islamabad United,Zeeshan Zameer,2022-2023,3,1,-,-,-,0.00,0.00,-,-,1
89,Islamabad United,Zohaib Khan,2017-2017,1,-,-,-,-,0.00,0.00,-,-,-
90,Karachi Kings,Aamer Yamin,2019-2023,27,12,3,126,35*,14.00,148.23,-,-,2
91,Karachi Kings,Abbas Afridi,2021-2021,4,1,1,27,27*,0.00,150.00,-,-,-
92,Karachi Kings,Abrar Ahmed,2017-2017,2,-,-,-,-,0.00,0.00,-,-,-
93,Karachi Kings,Akif Javed,2023-2023,5,1,1,7,7*,0.00,100.00,-,-,-
94,Karachi Kings,Ali Khan,2020-2020,1,-,-,-,-,0.00,0.00,-,-,-
95,Karachi Kings,Anwar Ali,2024-2024,3,3,2,40,25*,40.00,173.91,-,-,-
96,Karachi Kings,Arafat Minhas,2024-2024,2,1,-,1,1,1.00,100.00,-,-,-
97,Karachi Kings,Arshad Iqbal,2020-2021,16,1,1,-,0*,0.00,0.00,-,-,-
98,Karachi Kings,Awais Zia,2019-2019,2,2,-,22,19,11.00,73.33,-,-,-
99,Karachi Kings,Babar Azam,2017-2022,66,64,9,2398,90*,43.60,121.97,-,23,5
100,Karachi Kings,Bilawal Bhatti,2016-2016,1,1,1,15,15*,0.00,166.66,-,-,-
101,Karachi Kings,RS Bopara,2016-2019,31,28,8,575,71*,28.75,117.34,-,3,1
102,Karachi Kings,DT Christian,2021-2021,5,3,2,55,27,55.00,196.42,-,-,-
103,Karachi Kings,JM Clarke,2021-2022,13,12,1,295,54,26.81,137.20,-,2,1
104,Karachi Kings,IA Cockbain,2022-2022,3,3,-,47,31,15.66,127.02,-,-,-
105,Karachi Kings,BCJ Cutting,2023-2023,6,5,1,89,33,22.25,139.06,-,-,-
106,Karachi Kings,Danish Aziz,2018-2021,4,3,1,74,45,37.00,211.42,-,-,-
107,Karachi Kings,CS Delport,2020-2020,8,8,-,178,62,22.25,121.08,-,1,-
108,Karachi Kings,JL Denly,2018-2018,12,11,1,323,79*,32.30,125.68,-,3,1
109,Karachi Kings,BR Dunk,2019-2019,7,7,2,124,49*,24.80,130.52,-,-,-
110,Karachi Kings,JL du Plooy,2024-2024,2,2,-,36,24,18.00,138.46,-,-,-
111,Karachi Kings,JK Fuller,2023-2023,3,3,2,27,12*,27.00,168.75,-,-,-
112,Karachi Kings,CH Gayle,2017-2017,9,9,-,160,44,17.77,115.10,-,-,-
113,Karachi Kings,L Gregory,2022-2022,7,7,2,72,27,14.40,102.85,-,-,-
114,Karachi Kings,MJ Guptill,2021-2021,6,6,-,69,43,11.50,104.54,-,-,1
115,Karachi Kings,Haider Ali,2023-2023,6,6,-,109,59,18.16,112.37,-,1,1
116,Karachi Kings,AD Hales,2020-2020,9,7,1,272,80*,45.33,148.63,-,2,-
117,Karachi Kings,Hasan Ali,2024-2024,10,6,2,37,17,9.25,137.03,-,-,1
118,Karachi Kings,Iftikhar Ahmed,2016-2020,22,19,6,205,44*,15.76,121.30,-,-,1
119,Karachi Kings,Imad Wasim,2016-2023,78,63,23,1086,92*,27.15,140.85,-,5,10
120,Karachi Kings,Imran Tahir,2023-2023,5,-,-,-,-,0.00,0.00,-,-,-
121,Karachi Kings,CA Ingram,2018-2021,28,26,6,613,127*,30.65,145.60,1,2,2
122,Karachi Kings,Irfan Khan,2023-2024,17,15,7,263,39*,32.87,138.42,-,-,1
123,Karachi Kings,DPMD Jayawardene,2017-2017,1,1,-,10,10,10.00,125.00,-,-,-
124,Karachi Kings,CJ Jordan,2020-2022,14,8,3,33,14,6.60,106.45,-,-,2
125,Karachi Kings,Kashif Bhatti,2017-2017,1,-,-,-,-,0.00,0.00,-,-,-
126,Karachi Kings,Khurram Manzoor,2018-2018,7,6,-,121,51,20.16,99.18,-,1,-
127,Karachi Kings,TA Lammonby,2022-2022,3,3,-,4,3,1.33,66.66,-,-,1
128,Karachi Kings,LS Livingstone,2019-2019,11,11,1,321,82,32.10,130.48,-,3,1
129,Karachi Kings,MJ McClenaghan,2020-2020,1,-,-,-,-,0.00,0.00,-,-,-
130,Karachi Kings,TS Mills,2018-2018,8,1,1,5,5*,0.00,250.00,-,-,-
131,Karachi Kings,Mir Hamza,2016-2024,16,6,5,8,4*,8.00,72.72,-,-,1
132,Karachi Kings,Mohammad Amir Khan,2024-2024,2,-,-,-,-,0.00,0.00,-,-,-
133,Karachi Kings,Mohammad Amir,2016-2023,66,20,11,61,11*,6.77,103.38,-,-,3
134,Karachi Kings,Mohammad Ilyas,2021-2022,8,4,2,16,7,8.00,84.21,-,-,-
135,Karachi Kings,Mohammad Imran,2022-2022,3,1,1,-,0*,0.00,0.00,-,-,-
136,Karachi Kings,Mohammad Irfan,2018-2018,11,5,3,17,16*,8.50,113.33,-,-,2
137,Karachi Kings,Mohammad Nabi,2021-2022,14,14,3,303,67,27.54,145.67,-,2,1
138,Karachi Kings,Mohammad Nawaz,2024-2024,8,6,1,88,28,17.60,125.71,-,-,-
139,Karachi Kings,Mohammad Rizwan,2018-2020,19,12,4,167,34,20.87,106.36,-,-,-
140,Karachi Kings,Mohammad Taha,2022-2022,5,2,-,6,6,3.00,54.54,-,-,1
141,Karachi Kings,Mohammad Umar,2023-2023,2,1,1,1,1*,0.00,50.00,-,-,-
142,Karachi Kings,EJG Morgan,2018-2018,3,3,-,28,21,9.33,96.55,-,-,-
143,Karachi Kings,Muhammad Akhlaq,2023-2024,3,3,-,82,51,27.33,138.98,-,1,-
144,Karachi Kings,Muhammad Musa,2023-2023,3,-,-,-,-,0.00,0.00,-,-,-
145,Karachi Kings,Mukhtar Ahmed,2018-2018,1,1,-,1,1,1.00,33.33,-,-,-
146,Karachi Kings,C Munro,2019-2019,8,8,-,95,32,11.87,123.37,-,-,2
147,Karachi Kings,Mushfiqur Rahim,2016-2016,3,3,1,49,33,24.50,125.64,-,-,-
148,Karachi Kings,B Muzarabani,2024-2024,5,-,-,-,-,0.00,0.00,-,-,-
149,Karachi Kings,Najibullah Zadran,2021-2021,5,5,1,111,71*,27.75,124.71,-,1,1
150,Karachi Kings,Nauman Anwar,2016-2016,5,5,-,55,35,11.00,105.76,-,-,2
151,Karachi Kings,Noor Ahmad,2021-2021,4,1,1,-,0*,0.00,0.00,-,-,-
152,Karachi Kings,WD Parnell,2020-2020,1,1,-,1,1,1.00,33.33,-,-,-
153,Karachi Kings,NLTC Perera,2021-2021,3,3,-,37,37,12.33,176.19,-,-,2
154,Karachi Kings,KA Pollard,2017-2024,19,17,7,440,58,44.00,160.00,-,1,-
155,Karachi Kings,Qasim Akram,2021-2023,9,8,1,126,51*,18.00,140.00,-,1,-
156,Karachi Kings,Rohail Nazir,2022-2022,3,3,-,47,21,15.66,130.55,-,-,-
157,Karachi Kings,AM Rossington,2023-2023,3,3,-,104,69,34.66,150.72,-,1,-
158,Karachi Kings,SE Rutherford,2020-2020,2,2,-,1,1,0.50,25.00,-,-,1
159,Karachi Kings,Saad Baig,2024-2024,1,1,-,-,-,0.00,0.00,-,-,1
160,Karachi Kings,Sahibzada Farhan,2022-2022,5,5,1,51,25,12.75,102.00,-,-,1
161,Karachi Kings,Saifullah Bangash,2016-2016,5,2,1,-,0*,0.00,0.00,-,-,1
162,Karachi Kings,DR Sams,2024-2024,4,2,-,7,7,3.50,70.00,-,-,1
163,Karachi Kings,KC Sangakkara,2017-2017,10,10,-,215,65,21.50,118.78,-,1,-
164,Karachi Kings,TL Seifert,2024-2024,7,7,-,182,49,26.00,132.84,-,-,-
165,Karachi Kings,Shahid Afridi,2018-2018,9,6,1,47,26,9.40,151.61,-,-,-
166,Karachi Kings,Shahzaib Hasan,2016-2017,4,4,-,64,27,16.00,123.07,-,-,1
167,Karachi Kings,T Shamsi,2023-2024,8,2,1,-,0*,0.00,0.00,-,-,1
168,Karachi Kings,Shan Masood,2024-2024,10,10,-,158,36,15.80,105.33,-,-,1
169,Karachi Kings,Shakib Al Hasan,2016-2016,8,8,1,126,51,18.00,105.00,-,1,-
170,Karachi Kings,Sharjeel Khan,2020-2023,37,36,1,827,105,23.62,137.83,1,3,5
171,Karachi Kings,Shoaib Malik,2016-2024,38,38,7,813,71*,26.22,118.85,-,4,2
172,Karachi Kings,Sikandar Raza,2019-2019,3,3,-,23,14,7.66,60.52,-,-,-
173,Karachi Kings,LMP Simmons,2016-2018,8,8,1,210,62*,30.00,112.29,-,2,-
174,Karachi Kings,Sohail Khan,2016-2019,19,11,4,42,10,6.00,107.69,-,-,2
175,Karachi Kings,Sohail Tanvir,2016-2016,6,4,1,33,23,11.00,113.79,-,-,-
176,Karachi Kings,AW Summers,2019-2019,2,-,-,-,-,0.00,0.00,-,-,-
177,Karachi Kings,Tayyab Tahir,2023-2023,5,5,-,137,65,27.40,144.21,-,1,-
178,Karachi Kings,RN ten Doeschate,2016-2016,1,1,-,16,16,16.00,69.56,-,-,-
179,Karachi Kings,JA Thompson,2022-2022,2,1,-,-,-,0.00,0.00,-,-,1
180,Karachi Kings,AJ Tye,2023-2023,4,1,1,1,1*,0.00,100.00,-,-,-
181,Karachi Kings,Umaid Asif,2020-2022,15,6,3,54,20,18.00,154.28,-,-,-
182,Karachi Kings,Umer Khan,2019-2020,17,5,2,3,3*,1.00,37.50,-,-,3
183,Karachi Kings,Usama Mir,2016-2020,20,9,3,28,10,4.66,96.55,-,-,2
184,Karachi Kings,Usman Shinwari,2017-2022,30,8,5,17,8*,5.66,60.71,-,-,2
185,Karachi Kings,JM Vince,2016-2024,21,21,1,499,75,24.95,130.97,-,1,-
186,Karachi Kings,MS Wade,2023-2023,9,9,1,224,53,28.00,121.08,-,1,1
187,Karachi Kings,CAK Walton,2020-2021,18,16,4,265,45,22.08,137.30,-,-,1
188,Karachi Kings,Waqas Maqsood,2020-2021,10,3,1,20,12,10.00,105.26,-,-,-
189,Karachi Kings,MH Wessels,2016-2016,2,2,-,4,3,2.00,36.36,-,-,-
190,Karachi Kings,D Wiese,2018-2018,1,1,-,5,5,5.00,83.33,-,-,-
191,Karachi Kings,Zahid Mahmood,2024-2024,6,1,1,3,3*,0.00,50.00,-,-,-
192,Lahore Qalandars,Aamer Yamin,2017-2018,5,4,-,27,25,6.75,90.00,-,-,1
193,Lahore Qalandars,KJ Abbott,2018-2018,1,-,-,-,-,0.00,0.00,-,-,-
194,Lahore Qalandars,Abdullah Shafique,2022-2024,26,26,2,678,75,28.25,135.87,-,5,1
195,Lahore Qalandars,Adnan Rasool,2016-2016,3,-,-,-,-,0.00,0.00,-,-,-
196,Lahore Qalandars,Agha Salman,2018-2021,15,14,-,219,50,15.64,99.54,-,1,-
197,Lahore Qalandars,Ahmed Daniyal,2021-2021,10,4,2,10,6*,5.00,50.00,-,-,1
198,Lahore Qalandars,Ahsan Hafeez,2023-2024,6,5,-,56,20,11.20,140.00,-,-,1
199,Lahore Qalandars,Aizaz Cheema,2019-2019,1,-,-,-,-,0.00,0.00,-,-,-
200,Lahore Qalandars,CJ Anderson,2019-2019,3,2,-,41,22,20.50,113.88,-,-,-
201,Lahore Qalandars,Azhar Ali,2016-2016,7,7,-,183,61,26.14,106.39,-,1,-
202,Lahore Qalandars,Bilal Asif,2018-2018,1,-,-,-,-,0.00,0.00,-,-,-
203,Lahore Qalandars,Bilawal Bhatti,2017-2017,5,2,-,2,1,1.00,28.57,-,-,-
204,Lahore Qalandars,SW Billings,2023-2023,10,10,1,235,54,26.11,132.02,-,1,1
205,Lahore Qalandars,CR Brathwaite,2019-2024,5,5,3,47,15*,23.50,180.76,-,-,-
206,Lahore Qalandars,DJ Bravo,2016-2016,8,8,3,111,32,22.20,113.26,-,-,1
207,Lahore Qalandars,HC Brook,2022-2022,10,8,3,264,102*,52.80,171.42,1,-,-
208,Lahore Qalandars,KK Cooper,2016-2016,7,4,2,10,10*,5.00,90.90,-,-,2
209,Lahore Qalandars,S Dadswell,2023-2023,1,1,-,3,3,3.00,75.00,-,-,-
210,Lahore Qalandars,TH David,2021-2021,6,6,2,180,64*,45.00,166.66,-,1,-
211,Lahore Qalandars,LA Dawson,2023-2023,2,1,-,1,1,1.00,50.00,-,-,-
212,Lahore Qalandars,CS Delport,2016-2018,14,13,1,327,78,27.25,128.74,-,3,1
213,Lahore Qalandars,JL Denly,2021-2021,2,2,-,31,31,15.50,103.33,-,-,1
214,Lahore Qalandars,AP Devcich,2018-2019,10,10,-,279,70,27.90,136.09,-,2,-
215,Lahore Qalandars,AB de Villiers,2019-2019,7,7,3,218,52*,54.50,128.99,-,1,-
216,Lahore Qalandars,Dilbar Hussain,2020-2023,12,2,1,16,8*,16.00,106.66,-,-,-
217,Lahore Qalandars,BR Dunk,2020-2022,23,20,3,472,99*,27.76,148.89,-,3,-
218,Lahore Qalandars,Ehsan Adil,2016-2016,5,-,-,-,-,0.00,0.00,-,-,-
219,Lahore Qalandars,GD Elliott,2017-2017,7,7,1,74,26*,12.33,93.67,-,-,2
220,Lahore Qalandars,Fakhar Zaman,2017-2024,84,84,1,2525,115,30.42,140.27,2,19,5
221,Lahore Qalandars,JP Faulkner,2021-2021,6,5,1,90,33,22.50,169.81,-,-,-
222,Lahore Qalandars,Fawad Ahmed,2022-2022,1,1,1,-,0*,0.00,0.00,-,-,-
223,Lahore Qalandars,D Foxcroft,2022-2022,1,-,-,-,-,0.00,0.00,-,-,-
224,Lahore Qalandars,Gauhar Ali,2019-2019,3,3,-,30,21,10.00,136.36,-,-,-
225,Lahore Qalandars,CH Gayle,2016-2016,5,5,-,103,60,20.60,151.47,-,1,2
226,Lahore Qalandars,Ghulam Mudassar,2017-2017,1,1,1,1,1*,0.00,100.00,-,-,-
227,Lahore Qalandars,Gulraiz Sadaf,2018-2018,5,5,2,110,42*,36.66,90.90,-,-,-
228,Lahore Qalandars,DAS Gunaratne,2019-2019,1,1,-,12,12,12.00,109.09,-,-,-
229,Lahore Qalandars,Hammad Azam,2016-2016,3,3,2,18,18*,18.00,150.00,-,-,1
230,Lahore Qalandars,Haris Rauf,2019-2024,57,17,5,91,19,7.58,121.33,-,-,6
231,Lahore Qalandars,Haris Sohail,2019-2019,5,5,1,103,43,25.75,95.37,-,-,1
232,Lahore Qalandars,Hassan Khan,2019-2019,2,2,1,13,7,13.00,92.85,-,-,-
233,Lahore Qalandars,SD Hope,2023-2024,8,8,-,137,47,17.12,120.17,-,-,-
234,Lahore Qalandars,Hussain Talat,2023-2023,11,9,-,161,63,17.88,130.89,-,1,-
235,Lahore Qalandars,Imran Khan,2018-2018,1,-,-,-,-,0.00,0.00,-,-,-
236,Lahore Qalandars,Jahandad Khan,2024-2024,9,6,2,88,45*,22.00,187.23,-,-,1
237,Lahore Qalandars,Kamran Ghulam,2022-2024,19,19,1,410,55*,22.77,117.47,-,1,1
238,Lahore Qalandars,S Lamichhane,2019-2019,7,3,3,11,6*,0.00,78.57,-,-,-
239,Lahore Qalandars,GF Linde,2024-2024,4,2,1,31,26*,31.00,155.00,-,-,-
240,Lahore Qalandars,CA Lynn,2020-2020,8,8,1,284,113*,40.57,179.74,1,1,1
241,Lahore Qalandars,Maaz Khan,2020-2020,3,-,-,-,-,0.00,0.00,-,-,-
242,Lahore Qalandars,MJ McClenaghan,2018-2018,4,1,-,4,4,4.00,200.00,-,-,-
243,Lahore Qalandars,BB McCullum,2017-2018,18,17,2,311,44,20.73,114.33,-,-,3
244,Lahore Qalandars,BAW Mendis,2016-2016,4,-,-,-,-,0.00,0.00,-,-,-
245,Lahore Qalandars,Mirza Baig,2023-2024,12,12,-,260,54,21.66,123.22,-,1,-
246,Lahore Qalandars,Muhammad Faizan,2020-2021,9,6,2,23,9,5.75,56.09,-,-,1
247,Lahore Qalandars,Mohammad Hafeez,2019-2022,38,37,9,925,98*,33.03,130.28,-,5,2
248,Lahore Qalandars,Mohammad Imran,2024-2024,1,-,-,-,-,0.00,0.00,-,-,-
249,Lahore Qalandars,Mohammad Irfan,2017-2017,7,4,1,4,3*,1.33,66.66,-,-,2
250,Lahore Qalandars,Mohammad Rizwan,2016-2017,16,12,3,233,50*,25.88,123.93,-,1,1
251,Lahore Qalandars,Mustafizur Rahman,2018-2018,5,5,4,1,1*,1.00,11.11,-,-,1
252,Lahore Qalandars,SP Narine,2017-2018,17,15,2,214,28,16.46,164.61,-,-,1
253,Lahore Qalandars,Naved Yasin,2016-2016,5,3,1,27,25,13.50,81.81,-,-,1
254,Lahore Qalandars,SR Patel,2020-2022,21,14,4,280,71,28.00,135.26,-,1,-
255,Lahore Qalandars,S Prasanna,2020-2020,2,1,-,8,8,8.00,100.00,-,-,-
256,Lahore Qalandars,Rahat Ali,2019-2019,7,2,2,2,1*,0.00,50.00,-,-,-
257,Lahore Qalandars,Raja Farzan,2020-2020,2,-,-,-,-,0.00,0.00,-,-,-
258,Lahore Qalandars,D Ramdin,2018-2018,4,4,-,24,11,6.00,51.06,-,-,1
259,Lahore Qalandars,Rashid Khan,2021-2023,28,20,9,203,27*,18.45,138.09,-,-,3
260,Lahore Qalandars,Raza Hasan,2018-2018,2,2,-,4,4,2.00,33.33,-,-,1
261,Lahore Qalandars,JJ Roy,2017-2017,5,5,1,173,60*,43.25,151.75,-,2,-
262,Lahore Qalandars,Saad Ali,2019-2019,1,1,-,8,8,8.00,88.88,-,-,-
263,Lahore Qalandars,Sahibzada Farhan,2024-2024,8,8,1,266,72*,38.00,133.66,-,3,-
264,Lahore Qalandars,Salman Butt,2019-2020,3,3,-,43,21,14.33,86.00,-,-,-
265,Lahore Qalandars,Salman Fayyaz,2024-2024,3,2,1,10,8,10.00,166.66,-,-,-
266,Lahore Qalandars,Salman Irshad,2018-2020,8,5,1,11,6,2.75,91.66,-,-,-
267,Lahore Qalandars,Salman Mirza,2021-2021,2,-,-,-,-,0.00,0.00,-,-,-
268,Lahore Qalandars,PD Salt,2022-2022,9,8,1,63,26*,9.00,114.54,-,-,-
269,Lahore Qalandars,Shaheen Shah Afridi,2018-2024,71,35,9,328,55,12.61,140.77,-,2,7
270,Lahore Qalandars,Shawaiz Irfan,2023-2023,1,1,-,-,-,0.00,0.00,-,-,1
271,Lahore Qalandars,Sikandar Raza,2023-2024,20,19,7,314,71*,26.16,163.54,-,1,1
272,Lahore Qalandars,Sohaib Maqsood,2016-2016,2,2,-,79,57,39.50,111.26,-,1,-
273,Lahore Qalandars,Sohail Akhtar,2018-2022,44,42,9,808,75,24.48,123.17,-,3,2
274,Lahore Qalandars,Sohail Khan,2018-2018,7,5,1,14,9*,3.50,50.00,-,-,2
275,Lahore Qalandars,Sohail Tanvir,2017-2017,8,6,3,68,36*,22.66,103.03,-,-,-
276,Lahore Qalandars,Tamim Iqbal,2020-2020,3,3,-,83,35,27.66,122.05,-,-,-
277,Lahore Qalandars,BRM Taylor,2019-2019,4,4,1,17,13,5.66,100.00,-,-,-
278,Lahore Qalandars,Tayyab Abbas,2024-2024,3,-,-,-,-,0.00,0.00,-,-,-
279,Lahore Qalandars,RN ten Doeschate,2019-2019,1,1,-,2,2,2.00,22.22,-,-,-
280,Lahore Qalandars,LJ Tucker,2024-2024,1,-,-,-,-,0.00,0.00,-,-,-
281,Lahore Qalandars,Umair Masood,2019-2019,1,1,-,22,22,22.00,78.57,-,-,-
282,Lahore Qalandars,Umar Akmal,2016-2018,20,20,3,556,93,32.70,138.30,-,5,2
283,Lahore Qalandars,Usman Shinwari,2020-2020,4,2,1,30,30,30.00,200.00,-,-,-
284,Lahore Qalandars,HE van der Dussen,2024-2024,7,7,2,364,104*,72.80,154.89,1,3,-
285,Lahore Qalandars,DJ Vilas,2020-2020,5,3,-,24,19,8.00,104.34,-,-,-
286,Lahore Qalandars,GC Viljoen,2019-2019,2,2,1,9,8*,9.00,90.00,-,-,-
287,Lahore Qalandars,MH Wessels,2019-2019,2,2,-,24,20,12.00,114.28,-,-,-
288,Lahore Qalandars,D Wiese,2019-2024,52,44,20,624,48*,26.00,163.35,-,-,3
289,Lahore Qalandars,Yasir Shah,2017-2019,23,12,3,44,22,4.88,84.61,-,-,2
290,Lahore Qalandars,Zafar Gohar,2016-2016,6,2,1,1,1,1.00,25.00,-,-,-
291,Lahore Qalandars,Zaman Khan,2022-2024,35,9,5,12,6*,3.00,44.44,-,-,2
292,Lahore Qalandars,Zeeshan Ashraf,2021-2022,5,3,-,24,16,8.00,96.00,-,-,-
293,Lahore Qalandars,Zia-ul-Haq,2016-2016,3,-,-,-,-,0.00,0.00,-,-,-
294,Lahore Qalandars,Zohaib Khan,2016-2016,7,4,3,18,10*,18.00,138.46,-,-,1
295,Multan Sultans,Abbas Afridi,2022-2024,25,7,2,41,17*,8.20,164.00,-,-,-
296,Multan Sultans,Aftab Ibrahim,2024-2024,3,-,-,-,-,0.00,0.00,-,-,-
297,Multan Sultans,Ahmed Shehzad,2018-2018,10,9,-,173,38,19.22,85.22,-,-,1
298,Multan Sultans,MM Ali,2020-2020,9,9,1,138,65,17.25,130.18,-,1,1
299,Multan Sultans,Ali Shafique,2019-2020,4,1,-,-,-,0.00,0.00,-,-,1
300,Multan Sultans,Anwar Ali,2022-2023,11,7,3,61,24*,15.25,135.55,-,-,-
301,Multan Sultans,Asad Shafiq,2020-2020,1,1,-,1,1,1.00,100.00,-,-,-
302,Multan Sultans,Asif Afridi,2022-2022,5,1,-,1,1,1.00,33.33,-,-,-
303,Multan Sultans,Bilawal Bhatti,2020-2020,2,1,1,1,1*,0.00,100.00,-,-,-
304,Multan Sultans,RS Bopara,2020-2020,6,6,-,92,40,15.33,109.52,-,-,-
305,Multan Sultans,CR Brathwaite,2021-2023,9,4,2,30,22*,15.00,125.00,-,-,-
306,Multan Sultans,DM Bravo,2018-2018,5,2,1,15,9*,15.00,115.38,-,-,-
307,Multan Sultans,J Charles,2019-2024,18,16,1,435,57,29.00,153.71,-,3,2
308,Multan Sultans,DT Christian,2019-2019,8,7,1,97,21,16.16,129.33,-,-,-
309,Multan Sultans,SS Cottrell,2023-2023,3,-,-,-,-,0.00,0.00,-,-,-
310,Multan Sultans,TH David,2022-2023,16,16,6,425,71,42.50,185.58,-,3,-
311,Multan Sultans,LJ Evans,2019-2019,5,5,-,83,49,16.60,86.45,-,-,-
312,Multan Sultans,Faisal Akram,2024-2024,2,-,-,-,-,0.00,0.00,-,-,-
313,Multan Sultans,CJ Green,2019-2019,5,3,1,27,18*,13.50,93.10,-,-,-
314,Multan Sultans,Hammad Azam,2019-2021,6,6,1,66,29,13.20,89.18,-,-,1
315,Multan Sultans,RR Hendricks,2024-2024,8,8,1,304,79*,43.42,134.51,-,3,-
316,Multan Sultans,SO Hetmyer,2021-2021,2,1,-,7,7,7.00,77.77,-,-,-
317,Multan Sultans,AJ Hosein,2023-2023,3,2,1,2,2,2.00,66.66,-,-,-
318,Multan Sultans,Iftikhar Ahmed,2024-2024,12,11,7,259,60*,64.75,193.28,-,1,1
319,Multan Sultans,Ihsanullah,2022-2023,14,1,1,-,0*,0.00,0.00,-,-,-
320,Multan Sultans,Imran Khan,2021-2022,10,2,2,3,3*,0.00,75.00,-,-,-
321,Multan Sultans,Imran Tahir,2018-2022,39,10,3,48,14,6.85,90.56,-,-,-
322,Multan Sultans,Izharulhaq Naveed,2023-2023,1,-,-,-,-,0.00,0.00,-,-,-
323,Multan Sultans,CJ Jordan,2024-2024,6,3,2,45,30*,45.00,225.00,-,-,1
324,Multan Sultans,Junaid Khan,2018-2020,18,6,3,4,2*,1.33,44.44,-,-,1
325,Multan Sultans,Khushdil Shah,2020-2024,55,45,20,680,70*,27.20,144.98,-,1,1
326,Multan Sultans,CA Lynn,2021-2021,4,4,-,34,32,8.50,136.00,-,-,1
327,Multan Sultans,A Lyth,2020-2020,2,2,-,59,50,29.50,163.88,-,1,-
328,Multan Sultans,DJ Malan,2024-2024,5,5,-,123,52,24.60,139.77,-,2,2
329,Multan Sultans,Mohammad Ali,2024-2024,12,2,2,1,1*,0.00,14.28,-,-,-
330,Multan Sultans,DA Miller,2023-2023,8,6,1,119,52,23.80,148.75,-,1,-
331,Multan Sultans,Mohammad Abbas,2019-2019,3,1,1,1,1*,0.00,100.00,-,-,-
332,Multan Sultans,Mohammad Ilyas,2019-2023,20,7,3,23,9,5.75,88.46,-,-,1
333,Multan Sultans,Mohammad Irfan,2018-2020,27,7,2,12,6,2.40,66.66,-,-,3
334,Multan Sultans,Mohammad Irfan,2019-2019,2,2,1,4,4*,4.00,133.33,-,-,1
335,Multan Sultans,Mohammad Rizwan,2021-2024,48,48,7,2003,110*,48.85,130.06,1,19,4
336,Multan Sultans,Mohammad Umar,2021-2021,2,1,-,-,-,0.00,0.00,-,-,1
337,Multan Sultans,TJ Moores,2019-2019,3,3,1,10,9,5.00,47.61,-,-,-
338,Multan Sultans,Muhammad Amir Barki,2022-2022,5,3,-,43,33,14.33,126.47,-,-,-
339,Multan Sultans,B Muzarabani,2021-2022,10,3,-,-,-,0.00,0.00,-,-,3
340,Multan Sultans,Noman Ali,2019-2019,4,2,-,5,3,2.50,71.42,-,-,-
341,Multan Sultans,KA Pollard,2018-2023,21,18,8,425,73,42.50,157.99,-,3,1
342,Multan Sultans,Rahmanullah Gurbaz,2021-2021,1,1,-,3,3,3.00,75.00,-,-,-
343,Multan Sultans,Rohail Nazir,2020-2020,2,2,-,38,24,19.00,122.58,-,-,-
344,Multan Sultans,RR Rossouw,2020-2023,43,41,9,1117,121,34.90,162.11,2,7,4
345,Multan Sultans,Rumman Raees,2022-2022,6,1,-,6,6,6.00,85.71,-,-,-
346,Multan Sultans,AD Russell,2019-2019,4,4,-,50,18,12.50,166.66,-,-,-
347,Multan Sultans,Saif Badar,2018-2018,10,4,-,21,13,5.25,91.30,-,-,2
348,Multan Sultans,Sameen Gul,2023-2023,4,-,-,-,-,0.00,0.00,-,-,-
349,Multan Sultans,KC Sangakkara,2018-2018,10,9,1,269,63,33.62,125.11,-,3,1
350,Multan Sultans,Shahid Afridi,2019-2021,21,16,5,154,35*,14.00,133.91,-,-,3
351,Multan Sultans,Shahnawaz Dahani,2021-2024,27,5,3,6,6*,3.00,54.54,-,-,2
352,Multan Sultans,Shakeel Ansar,2019-2019,1,1,1,-,0*,0.00,0.00,-,-,-
353,Multan Sultans,Shan Masood,2019-2023,43,42,-,1318,88,31.38,133.94,-,9,1
354,Multan Sultans,Shoaib Malik,2018-2019,20,17,5,490,65*,40.83,119.80,-,3,-
355,Multan Sultans,Sohaibullah,2021-2021,1,-,-,-,-,0.00,0.00,-,-,-
356,Multan Sultans,Sohaib Maqsood,2018-2022,29,28,6,771,85*,35.04,137.92,-,6,-
357,Multan Sultans,Sohail Khan,2021-2021,5,2,-,16,8,8.00,114.28,-,-,-
358,Multan Sultans,Sohail Tanvir,2018-2021,28,18,11,184,34*,26.28,126.89,-,-,-
359,Multan Sultans,OP Stone,2024-2024,1,-,-,-,-,0.00,0.00,-,-,-
360,Multan Sultans,Tayyab Tahir,2024-2024,6,4,2,85,35*,42.50,151.78,-,-,-
361,Multan Sultans,Umar Gul,2018-2018,2,1,-,10,10,10.00,166.66,-,-,-
362,Multan Sultans,Umar Siddiq,2019-2019,7,7,-,169,53,24.14,112.66,-,1,-
363,Multan Sultans,Usama Mir,2023-2024,24,7,1,56,17,9.33,215.38,-,-,2
364,Multan Sultans,Usman Khan,2023-2024,11,11,3,597,120,74.62,172.54,3,2,1
365,Multan Sultans,Usman Qadir,2020-2021,5,1,-,4,4,4.00,80.00,-,-,-
366,Multan Sultans,GC Viljoen,2018-2018,2,1,-,2,2,2.00,28.57,-,-,-
367,Multan Sultans,JM Vince,2019-2021,18,18,1,560,84,32.94,146.98,-,3,1
368,Multan Sultans,RA Whiteley,2018-2018,3,3,-,27,16,9.00,103.84,-,-,1
369,Multan Sultans,DJ Willey,2022-2024,19,8,4,66,28*,16.50,100.00,-,-,2
370,Multan Sultans,Yasir Khan,2024-2024,8,7,-,164,54,23.42,125.19,-,1,-
371,Multan Sultans,Zeeshan Ashraf,2020-2020,11,11,-,202,52,18.36,130.32,-,2,-
372,Peshawar Zalmi,Aamer Jamal,2023-2024,14,13,5,167,87,20.87,151.81,-,1,-
373,Peshawar Zalmi,Aamer Yamin,2016-2016,2,-,-,-,-,0.00,0.00,-,-,-
374,Peshawar Zalmi,Abdur Rehman,2016-2016,1,-,-,-,-,0.00,0.00,-,-,-
375,Peshawar Zalmi,Abrar Ahmed,2021-2021,2,-,-,-,-,0.00,0.00,-,-,-
376,Peshawar Zalmi,Adil Amin,2020-2020,1,1,1,7,7*,0.00,100.00,-,-,-
377,Peshawar Zalmi,Aimal Khan,2024-2024,1,-,-,-,-,0.00,0.00,-,-,-
378,Peshawar Zalmi,Ali Majid,2022-2022,1,-,-,-,-,0.00,0.00,-,-,-
379,Peshawar Zalmi,FA Allen,2021-2021,3,3,1,3,3,1.50,50.00,-,-,1
380,Peshawar Zalmi,J Allenby,2016-2016,2,2,-,38,31,19.00,95.00,-,-,-
381,Peshawar Zalmi,Amad Butt,2021-2022,6,5,3,67,27*,33.50,216.12,-,-,-
382,Peshawar Zalmi,Arif Yaqoob,2024-2024,5,2,2,10,9*,0.00,125.00,-,-,-
383,Peshawar Zalmi,Arish Ali,2022-2022,1,1,-,-,-,0.00,0.00,-,-,1
384,Peshawar Zalmi,Arshad Iqbal,2022-2023,8,3,2,5,2*,5.00,50.00,-,-,-
385,Peshawar Zalmi,Asif Ali,2024-2024,6,6,2,72,23,18.00,141.17,-,-,-
386,Peshawar Zalmi,Azmatullah Omarzai,2023-2023,6,3,1,26,16*,13.00,185.71,-,-,1
387,Peshawar Zalmi,Babar Azam,2023-2024,22,22,2,1091,115,54.55,143.93,2,10,2
388,Peshawar Zalmi,JM Bairstow,2016-2016,1,1,-,15,15,15.00,93.75,-,-,-
389,Peshawar Zalmi,T Banton,2020-2020,7,7,1,74,34,12.33,129.82,-,-,2
390,Peshawar Zalmi,RS Bopara,2021-2021,2,2,1,108,58*,108.00,128.57,-,2,-
391,Peshawar Zalmi,CR Brathwaite,2020-2020,4,3,1,34,16*,17.00,141.66,-,-,-
392,Peshawar Zalmi,PR Brown,2022-2022,2,-,-,-,-,0.00,0.00,-,-,-
393,Peshawar Zalmi,BCJ Cutting,2022-2022,9,9,2,197,52*,28.14,164.16,-,1,1
394,Peshawar Zalmi,LA Dawson,2018-2020,24,19,3,363,62,22.68,125.60,-,2,2
395,Peshawar Zalmi,F du Plessis,2020-2020,1,1,-,31,31,31.00,124.00,-,-,-
396,Peshawar Zalmi,ADS Fletcher,2018-2019,9,9,-,158,34,17.55,114.49,-,-,-
397,Peshawar Zalmi,L Gregory,2020-2020,4,4,1,68,25,22.66,161.90,-,-,-
398,Peshawar Zalmi,Haider Ali,2020-2022,28,28,4,557,69,23.20,137.87,-,2,3
399,Peshawar Zalmi,Hammad Azam,2018-2020,3,3,1,10,7,5.00,111.11,-,-,1
400,Peshawar Zalmi,Haris Sohail,2017-2018,6,6,1,50,14,10.00,71.42,-,-,-
401,Peshawar Zalmi,Hasan Ali,2016-2020,45,21,7,94,15,6.71,138.23,-,-,1
402,Peshawar Zalmi,Haseebullah Khan,2023-2024,14,12,1,177,50,16.09,142.74,-,1,1
403,Peshawar Zalmi,Hazratullah Zazai,2021-2022,12,12,-,382,77,31.83,152.80,-,4,2
404,Peshawar Zalmi,BJ Hodge,2016-2016,4,4,2,93,85*,46.50,152.45,-,1,1
405,Peshawar Zalmi,BAC Howell,2022-2022,1,1,1,2,2*,0.00,200.00,-,-,-
406,Peshawar Zalmi,Hussain Talat,2022-2024,10,9,3,185,52,30.83,127.58,-,2,-
407,Peshawar Zalmi,Ibtisam Sheikh,2018-2019,8,2,1,2,2,2.00,33.33,-,-,-
408,Peshawar Zalmi,Iftikhar Ahmed,2017-2017,3,3,-,15,14,5.00,60.00,-,-,1
409,Peshawar Zalmi,Imam-ul-Haq,2019-2021,22,22,-,542,59,24.63,124.31,-,5,2
410,Peshawar Zalmi,Imran Khan,2016-2017,2,1,1,-,0*,0.00,0.00,-,-,-
411,Peshawar Zalmi,CJ Jordan,2017-2019,13,10,7,64,36,21.33,100.00,-,-,1
412,Peshawar Zalmi,Junaid Khan,2016-2017,9,5,5,3,1*,0.00,42.85,-,-,-
413,Peshawar Zalmi,Kamran Akmal,2016-2022,75,74,2,1972,107*,27.38,136.94,3,12,8
414,Peshawar Zalmi,Khalid Usman,2018-2022,5,3,2,43,19*,43.00,126.47,-,-,-
415,Peshawar Zalmi,Khurram Shahzad,2023-2024,5,2,1,13,11*,13.00,68.42,-,-,-
416,Peshawar Zalmi,Khushdil Shah,2017-2018,4,3,-,13,8,4.33,56.52,-,-,-
417,Peshawar Zalmi,T Kohler-Cadmore,2021-2024,26,26,2,581,92,24.20,136.70,-,4,2
418,Peshawar Zalmi,LS Livingstone,2020-2022,12,11,2,147,54*,16.33,137.38,-,1,2
419,Peshawar Zalmi,WL Madsen,2019-2019,2,2,-,5,5,2.50,26.31,-,-,1
420,Peshawar Zalmi,S Mahmood,2020-2022,8,4,3,13,11*,13.00,86.66,-,-,1
421,Peshawar Zalmi,DJ Malan,2016-2019,16,16,2,377,60*,26.92,112.20,-,2,-
422,Peshawar Zalmi,Mehran Mumtaz,2024-2024,5,1,-,-,-,0.00,0.00,-,-,1
423,Peshawar Zalmi,DA Miller,2021-2021,3,3,-,116,73,38.66,139.75,-,1,-
424,Peshawar Zalmi,TS Mills,2019-2019,5,-,-,-,-,0.00,0.00,-,-,-
425,Peshawar Zalmi,Misbah-ul-Haq,2019-2019,3,3,2,126,59*,126.00,121.15,-,1,-
426,Peshawar Zalmi,Mohammad Amir Khan,2020-2020,4,1,1,7,7*,0.00,77.77,-,-,-
427,Peshawar Zalmi,Mohammad Asghar,2016-2018,21,3,2,1,1*,1.00,20.00,-,-,1
428,Peshawar Zalmi,Mohammad Hafeez,2016-2018,33,31,1,671,77,22.36,113.53,-,4,3
429,Peshawar Zalmi,Mohammad Haris,2022-2024,27,26,1,658,85,26.32,171.35,-,3,2
430,Peshawar Zalmi,Mohammad Imran,2020-2020,1,1,-,8,8,8.00,200.00,-,-,-
431,Peshawar Zalmi,Mohammad Imran,2021-2021,11,2,1,1,1*,1.00,33.33,-,-,1
432,Peshawar Zalmi,Mohammad Irfan,2021-2021,10,1,1,-,0*,0.00,0.00,-,-,-
433,Peshawar Zalmi,Mohammad Mohsin,2020-2020,2,1,-,-,-,0.00,0.00,-,-,1
434,Peshawar Zalmi,Mohammad Umar,2022-2022,6,2,-,3,3,1.50,30.00,-,-,1
435,Peshawar Zalmi,Mohammad Zeeshan,2024-2024,3,2,-,-,-,0.00,0.00,-,-,2
436,Peshawar Zalmi,EJG Morgan,2017-2017,6,6,1,136,80*,27.20,103.81,-,1,-
437,Peshawar Zalmi,DR Mousley,2024-2024,1,1,-,11,11,11.00,91.66,-,-,-
438,Peshawar Zalmi,Mujeeb Ur Rahman,2021-2023,11,3,2,3,2,3.00,100.00,-,-,-
439,Peshawar Zalmi,Nabi Gul,2019-2019,2,1,-,9,9,9.00,75.00,-,-,-
440,Peshawar Zalmi,Naveen-ul-Haq,2024-2024,6,2,1,16,10*,16.00,123.07,-,-,-
441,Peshawar Zalmi,JDS Neesham,2023-2023,7,7,1,87,38,14.50,131.81,-,-,-
442,Peshawar Zalmi,KA Pollard,2019-2019,13,13,3,284,52*,28.40,173.17,-,2,1
443,Peshawar Zalmi,R Powell,2021-2024,27,26,6,504,64,25.20,154.12,-,1,3
444,Peshawar Zalmi,Rahat Ali,2020-2020,10,1,-,1,1,1.00,16.66,-,-,-
445,Peshawar Zalmi,PBB Rajapaksa,2023-2023,5,5,1,97,41,24.25,146.96,-,-,-
446,Peshawar Zalmi,SE Rutherford,2021-2022,22,21,6,436,70*,29.06,148.80,-,2,1
447,Peshawar Zalmi,Saad Masood,2023-2023,1,1,-,16,16,16.00,200.00,-,-,-
448,Peshawar Zalmi,Saad Nasim,2018-2018,5,5,1,65,35,16.25,138.29,-,-,-
449,Peshawar Zalmi,Sabbir Rahman,2018-2018,2,1,-,11,11,11.00,100.00,-,-,-
450,Peshawar Zalmi,Saim Ayub,2023-2024,23,23,-,686,88,29.82,161.41,-,7,3
451,Peshawar Zalmi,Salman Irshad,2022-2024,22,6,4,6,3*,3.00,30.00,-,-,1
452,Peshawar Zalmi,Sameen Gul,2018-2022,19,4,4,10,7*,0.00,58.82,-,-,-
453,Peshawar Zalmi,DJG Sammy,2016-2020,49,39,12,691,48,25.59,146.39,-,-,2
454,Peshawar Zalmi,MN Samuels,2017-2017,5,5,1,81,37*,20.25,120.89,-,-,-
455,Peshawar Zalmi,Shahid Afridi,2016-2017,20,15,2,264,54,20.30,168.15,-,1,2
456,Peshawar Zalmi,Shahid Yousuf,2016-2016,9,6,1,99,27*,19.80,102.06,-,-,-
457,Peshawar Zalmi,MD Shanaka,2023-2023,2,2,1,27,16*,27.00,103.84,-,-,-
458,Peshawar Zalmi,Shakib Al Hasan,2017-2023,6,5,1,55,30,13.75,112.24,-,-,-
459,Peshawar Zalmi,Shoaib Malik,2020-2022,33,32,5,1033,73,38.25,141.31,-,8,2
460,Peshawar Zalmi,DR Smith,2018-2018,10,9,1,252,71*,31.50,126.63,-,1,-
461,Peshawar Zalmi,Sohaib Maqsood,2017-2020,12,11,2,120,30*,13.33,95.23,-,-,3
462,Peshawar Zalmi,Sohail Khan,2022-2022,2,-,-,-,-,0.00,0.00,-,-,-
463,Peshawar Zalmi,Sufiyan Muqeem,2023-2023,5,2,2,10,6*,0.00,83.33,-,-,-
464,Peshawar Zalmi,SW Tait,2016-2016,9,2,2,-,0*,0.00,0.00,-,-,-
465,Peshawar Zalmi,Tamim Iqbal,2016-2018,17,17,4,522,80*,40.15,111.77,-,4,-
466,Peshawar Zalmi,Umaid Asif,2018-2021,29,10,5,86,25,17.20,165.38,-,-,2
467,Peshawar Zalmi,Umar Amin,2019-2020,12,9,3,218,61*,36.33,117.20,-,2,1
468,Peshawar Zalmi,Usman Qadir,2022-2023,10,5,3,32,12,16.00,160.00,-,-,-
469,Peshawar Zalmi,GC Viljoen,2020-2020,1,1,-,37,37,37.00,231.25,-,-,-
470,Peshawar Zalmi,Wahab Riaz,2016-2023,88,54,21,359,33*,10.87,128.21,-,-,10
471,Peshawar Zalmi,PI Walter,2024-2024,5,5,2,84,33,28.00,135.48,-,-,-
472,Peshawar Zalmi,Waqar Salamkheil,2021-2024,2,1,-,-,-,0.00,0.00,-,-,1
473,Peshawar Zalmi,JW Wells,2021-2021,2,2,1,61,55*,61.00,108.92,-,1,-
474,Peshawar Zalmi,MH Wessels,2018-2018,4,4,1,68,31*,22.66,109.67,-,-,-
475,Peshawar Zalmi,L Wood,2024-2024,11,6,3,41,17*,13.66,136.66,-,-,1
476,Peshawar Zalmi,Yasir Khan,2022-2022,4,4,-,87,35,21.75,152.63,-,-,-
477,Peshawar Zalmi,Yasir Shah,2020-2020,4,1,1,1,1*,0.00,100.00,-,-,-
478,Quetta Gladiators,Abdul Bangalzai,2022-2023,5,4,-,15,14,3.75,65.21,-,-,2
479,Quetta Gladiators,Abdul Nasir,2020-2021,2,2,1,1,1*,1.00,25.00,-,-,1
480,Quetta Gladiators,Abrar Ahmed,2024-2024,10,5,1,18,12,4.50,85.71,-,-,2
481,Quetta Gladiators,Ahmed Shehzad,2016-2020,35,34,2,904,99,28.25,130.25,-,9,3
482,Quetta Gladiators,Ahsan Ali,2019-2022,19,18,1,444,73,26.11,132.53,-,3,-
483,Quetta Gladiators,Aimal Khan,2023-2023,4,1,1,-,0*,0.00,0.00,-,-,-
484,Quetta Gladiators,Aizaz Cheema,2016-2016,4,1,1,-,0*,0.00,0.00,-,-,-
485,Quetta Gladiators,Akbar-ur-Rehman,2016-2016,7,3,-,15,11,5.00,78.94,-,-,-
486,Quetta Gladiators,Anamul Haque,2017-2017,1,1,-,3,3,3.00,33.33,-,-,-
487,Quetta Gladiators,Anwar Ali,2016-2021,36,26,9,222,28*,13.05,137.88,-,-,-
488,Quetta Gladiators,JC Archer,2018-2018,2,1,-,5,5,5.00,125.00,-,-,-
489,Quetta Gladiators,Arish Ali,2021-2021,1,-,-,-,-,0.00,0.00,-,-,-
490,Quetta Gladiators,Asad Shafiq,2016-2018,16,15,1,279,51,19.92,104.88,-,1,1
491,Quetta Gladiators,Ashir Qureshi,2022-2022,4,1,-,-,-,0.00,0.00,-,-,1
492,Quetta Gladiators,Azam Khan,2019-2021,20,20,1,336,59,17.68,129.23,-,1,3
493,Quetta Gladiators,T Banton,2021-2021,2,2,-,9,5,4.50,81.81,-,-,-
494,Quetta Gladiators,Bismillah Khan,2016-2016,3,3,-,55,55,18.33,157.14,-,1,2
495,Quetta Gladiators,DJ Bravo,2019-2019,6,4,2,23,12*,11.50,79.31,-,-,1
496,Quetta Gladiators,E Chigumbura,2016-2016,5,3,1,10,7*,5.00,76.92,-,-,1
497,Quetta Gladiators,BCJ Cutting,2020-2021,12,12,2,195,53,19.50,159.83,-,1,3
498,Quetta Gladiators,Danish Aziz,2019-2019,1,1,-,1,1,1.00,14.28,-,-,-
499,Quetta Gladiators,CS Delport,2021-2021,5,5,-,13,10,2.60,59.09,-,-,2
500,Quetta Gladiators,BM Duckett,2022-2022,4,4,-,60,47,15.00,120.00,-,-,1
501,Quetta Gladiators,F du Plessis,2021-2021,5,4,-,76,37,19.00,122.58,-,-,-
502,Quetta Gladiators,GD Elliott,2016-2016,6,5,1,65,40,16.25,118.18,-,-,-
503,Quetta Gladiators,RR Emrit,2017-2017,1,1,1,6,6*,0.00,66.66,-,-,-
504,Quetta Gladiators,SM Ervine,2017-2017,1,1,-,24,24,24.00,126.31,-,-,-
505,Quetta Gladiators,LJ Evans,2024-2024,4,4,-,20,12,5.00,100.00,-,-,1
506,Quetta Gladiators,JP Faulkner,2022-2022,6,3,2,49,30*,49.00,181.48,-,-,-
507,Quetta Gladiators,Fawad Ahmed,2019-2020,17,4,-,18,14,4.50,64.28,-,-,2
508,Quetta Gladiators,CH Gayle,2021-2021,2,2,-,107,68,53.50,167.18,-,1,-
509,Quetta Gladiators,Ghulam Mudassar,2019-2022,10,1,-,-,-,0.00,0.00,-,-,1
510,Quetta Gladiators,MJ Guptill,2023-2023,9,9,1,310,117,38.75,150.48,1,1,1
511,Quetta Gladiators,HF Gurney,2019-2019,1,1,1,-,0*,0.00,0.00,-,-,-
512,Quetta Gladiators,Hassan Khan,2017-2022,26,15,7,124,24,15.50,113.76,-,-,3
513,Quetta Gladiators,JW Hastings,2018-2018,3,2,1,5,5*,5.00,62.50,-,-,1
514,Quetta Gladiators,AJ Hosein,2024-2024,10,8,3,113,31,22.60,122.82,-,-,-
515,Quetta Gladiators,Iftikhar Ahmed,2022-2023,20,18,2,327,53,20.43,126.74,-,3,1
516,Quetta Gladiators,Khawaja Nafay,2024-2024,10,10,2,182,60*,22.75,121.33,-,1,-
517,Quetta Gladiators,Khurram Manzoor,2020-2020,1,1,-,63,63,63.00,157.50,-,1,-
518,Quetta Gladiators,Khurram Shahzad,2021-2022,7,4,1,12,11,4.00,41.37,-,-,1
519,Quetta Gladiators,T Kohler-Cadmore,2018-2018,1,1,-,5,5,5.00,100.00,-,-,-
520,Quetta Gladiators,B Laughlin,2018-2018,3,1,1,3,3*,0.00,150.00,-,-,-
521,Quetta Gladiators,NL McCullum,2016-2016,2,2,1,1,1,1.00,25.00,-,-,-
522,Quetta Gladiators,Mahmudullah,2017-2018,9,5,2,71,29*,23.66,120.33,-,-,1
523,Quetta Gladiators,TS Mills,2017-2020,9,3,2,5,4*,5.00,71.42,-,-,1
524,Quetta Gladiators,Mir Hamza,2017-2018,4,1,-,-,-,0.00,0.00,-,-,1
525,Quetta Gladiators,Mohammad Amir,2024-2024,9,6,1,64,23,12.80,139.13,-,-,-
526,Quetta Gladiators,Mohammad Hafeez,2023-2023,7,6,1,135,48,27.00,150.00,-,-,-
527,Quetta Gladiators,Mohammad Hasnain,2019-2024,39,14,8,39,22,6.50,75.00,-,-,2
528,Quetta Gladiators,Mohammad Irfan,2022-2022,2,1,-,-,-,0.00,0.00,-,-,1
529,Quetta Gladiators,Mohammad Irfan,2019-2019,3,-,-,-,-,0.00,0.00,-,-,-
530,Quetta Gladiators,Mohammad Nabi,2016-2016,8,4,1,47,30*,15.66,127.02,-,-,-
531,Quetta Gladiators,Mohammad Nawaz,2016-2023,76,58,16,728,52,17.33,113.21,-,1,3
532,Quetta Gladiators,Mohammad Wasim,2024-2024,8,6,1,30,11,6.00,96.77,-,-,-
533,Quetta Gladiators,Najibullah Zadran,2023-2023,2,2,-,60,59,30.00,162.16,-,1,-
534,Quetta Gladiators,Naseem Shah,2020-2023,29,8,2,17,7,2.83,62.96,-,-,2
535,Quetta Gladiators,Naveen-ul-Haq,2023-2023,4,1,1,17,17*,0.00,242.85,-,-,-
536,Quetta Gladiators,Noor Ahmad,2022-2022,4,3,1,21,13*,10.50,161.53,-,-,1
537,Quetta Gladiators,Omair Yousuf,2023-2024,6,5,-,172,67,34.40,147.00,-,2,-
538,Quetta Gladiators,NLTC Perera,2017-2018,7,5,1,52,27,13.00,115.55,-,-,-
539,Quetta Gladiators,KP Pietersen,2016-2018,27,25,2,611,88*,26.56,139.17,-,4,4
540,Quetta Gladiators,D Pretorius,2023-2023,2,1,1,10,10*,0.00,333.33,-,-,-
541,Quetta Gladiators,Qais Ahmad,2021-2023,6,4,2,44,17*,22.00,146.66,-,-,-
542,Quetta Gladiators,Rahat Ali,2018-2018,11,1,-,-,-,0.00,0.00,-,-,1
543,Quetta Gladiators,Rameez Raja,2018-2018,5,5,1,40,22,10.00,121.21,-,-,-
544,Quetta Gladiators,RR Rossouw,2017-2024,41,39,8,898,76*,28.96,124.20,-,3,-
545,Quetta Gladiators,JJ Roy,2018-2024,33,33,2,1087,145*,35.06,145.71,2,6,3
546,Quetta Gladiators,AD Russell,2021-2021,1,1,-,13,13,13.00,216.66,-,-,-
547,Quetta Gladiators,SE Rutherford,2024-2024,6,6,1,151,58*,30.20,148.03,-,1,-
548,Quetta Gladiators,Saad Nasim,2017-2017,3,3,-,18,9,6.00,112.50,-,-,-
549,Quetta Gladiators,Saim Ayub,2021-2021,7,7,-,114,35,16.28,108.57,-,-,-
550,Quetta Gladiators,Sajjad Ali,2024-2024,1,1,-,2,2,2.00,100.00,-,-,-
551,Quetta Gladiators,KC Sangakkara,2016-2016,4,4,-,129,55,32.25,144.94,-,1,1
552,Quetta Gladiators,Sarfaraz Ahmed,2016-2024,86,73,21,1525,81,29.32,122.68,-,7,2
553,Quetta Gladiators,Saud Shakeel,2024-2024,10,10,1,323,88*,35.88,141.66,-,2,1
554,Quetta Gladiators,Shahid Afridi,2022-2022,3,1,-,4,4,4.00,50.00,-,-,-
555,Quetta Gladiators,WCF Smeed,2022-2023,10,10,-,315,99,31.50,134.61,-,2,1
556,Quetta Gladiators,DR Smith,2019-2019,5,3,1,22,11*,11.00,81.48,-,-,-
557,Quetta Gladiators,OF Smith,2023-2023,6,6,3,50,25*,16.66,125.00,-,-,1
558,Quetta Gladiators,Sohail Khan,2020-2024,11,6,2,72,32,18.00,105.88,-,-,-
559,Quetta Gladiators,Sohail Tanvir,2019-2022,19,9,3,36,13,6.00,65.45,-,-,2
560,Quetta Gladiators,DW Steyn,2021-2021,3,2,2,-,0*,0.00,0.00,-,-,-
561,Quetta Gladiators,N Thushara,2023-2023,1,1,1,-,0*,0.00,0.00,-,-,-
562,Quetta Gladiators,Umaid Asif,2023-2023,3,2,1,11,11*,11.00,157.14,-,-,1
563,Quetta Gladiators,Umar Akmal,2019-2023,23,20,3,473,75*,27.82,152.09,-,3,1
564,Quetta Gladiators,Umar Amin,2018-2018,6,6,1,97,31,19.40,101.04,-,-,-
565,Quetta Gladiators,Umar Gul,2016-2017,8,3,-,2,2,0.66,33.33,-,-,2
566,Quetta Gladiators,Usman Khan,2021-2021,6,6,-,150,81,25.00,121.95,-,1,1
567,Quetta Gladiators,Usman Shinwari,2021-2021,5,2,-,7,7,3.50,70.00,-,-,1
568,Quetta Gladiators,Usman Tariq,2024-2024,5,3,2,2,1*,2.00,40.00,-,-,-
569,Quetta Gladiators,MN van Wyk,2017-2017,1,1,-,1,1,1.00,14.28,-,-,-
570,Quetta Gladiators,JM Vince,2022-2022,6,6,1,107,49*,21.40,117.58,-,-,3
571,Quetta Gladiators,SR Watson,2018-2020,31,31,3,996,91*,35.57,143.93,-,8,2
572,Quetta Gladiators,J Weatherald,2021-2021,5,5,-,148,48,29.60,125.42,-,-,-
573,Quetta Gladiators,JD Wildermuth,2021-2021,2,2,1,17,9,17.00,94.44,-,-,-
574,Quetta Gladiators,L Wood,2022-2022,1,-,-,-,-,0.00,0.00,-,-,-
575,Quetta Gladiators,LJ Wright,2016-2017,7,7,1,181,86*,30.16,128.36,-,1,-
576,Quetta Gladiators,Yasir Khan,2023-2023,2,2,-,19,14,9.50,73.07,-,-,-
577,Quetta Gladiators,Zahid Mahmood,2020-2021,7,5,2,24,19*,8.00,80.00,-,-,2
578,Quetta Gladiators,Zahir Khan,2021-2021,2,2,1,12,6*,12.00,150.00,-,-,-
579,Quetta Gladiators,Zahoor Khan,2021-2021,1,-,-,-,-,0.00,0.00,-,-,-
580,Quetta Gladiators,Zulfiqar Babar,2016-2017,18,6,3,23,20*,7.66,135.29,-,-,2
