,Team,Player,Span,Mat,Inns,Balls,Mdns,Runs,Wkts,BBI,Ave,Econ,SR,5,10,Ct,St
0,Islamabad United,Abrar Ahmed,2023-2023,3,3,72,-,92,3,2/21,30.66,7.66,24.0,-,-,-,-
1,Islamabad United,Agha Salman,2024-2024,12,5,72,-,97,2,1/17,48.50,8.08,36.0,-,-,1,-
2,Islamabad United,Ahmed Safi Abdullah,2020-2020,3,3,48,-,65,4,2/17,16.25,8.12,12.0,-,-,-,-
3,Islamabad United,Akif Javed,2020-2021,11,10,204,-,285,10,3/43,28.50,8.38,20.4,-,-,2,-
4,Islamabad United,Ali Khan,2021-2021,3,3,50,-,70,2,1/10,35.00,8.40,25.0,-,-,1,-
5,Islamabad United,Amad Butt,2017-2020,16,14,245,-,375,15,4/27,25.00,9.18,16.3,-,-,8,-
6,Islamabad United,Ashar Zaidi,2016-2016,3,2,48,-,59,-,-,0.00,7.37,-,-,-,-,-
7,Islamabad United,Asif Ali,2016-2023,76,1,18,-,27,2,2/27,13.50,9.00,9.0,-,-,30,-
8,Islamabad United,Athar Mahmood,2022-2022,3,3,48,-,49,-,-,0.00,6.12,-,-,-,1,-
9,Islamabad United,Azam Khan,2022-2024,34,-,0,-,-,-,-,0.00,-,-,-,-,19,5
10,Islamabad United,Azhar Mahmood,2016-2016,2,2,42,-,57,1,1/22,57.00,8.14,42.0,-,-,2,-
11,Islamabad United,Babar Azam,2016-2016,2,-,0,-,-,-,-,0.00,-,-,-,-,-,-
12,Islamabad United,S Badree,2016-2017,7,7,156,1,192,4,1/20,48.00,7.38,39.0,-,-,1,-
13,Islamabad United,IR Bell,2019-2019,1,-,0,-,-,-,-,0.00,-,-,-,-,-,-
14,Islamabad United,SW Billings,2016-2017,10,-,0,-,-,-,-,0.00,-,-,-,-,5,-
15,Islamabad United,JM Cox,2024-2024,6,-,0,-,-,-,-,0.00,-,-,-,-,2,-
16,Islamabad United,TK Curran,2023-2023,5,5,120,-,181,8,3/34,22.62,9.05,15.0,-,-,2,-
17,Islamabad United,Danish Aziz,2022-2022,3,1,2,-,6,-,-,0.00,18.00,-,-,-,-,-
18,Islamabad United,LA Dawson,2022-2022,7,7,141,1,159,9,3/16,17.66,6.76,15.6,-,-,1,-
19,Islamabad United,M de Lange,2022-2022,5,5,90,-,153,2,1/32,76.50,10.20,45.0,-,-,2,-
20,Islamabad United,CS Delport,2019-2019,12,4,54,-,66,4,2/24,16.50,7.33,13.5,-,-,1,-
21,Islamabad United,BM Duckett,2017-2017,2,-,0,-,-,-,-,0.00,-,-,-,-,-,-
22,Islamabad United,JP Duminy,2018-2018,10,3,54,-,70,1,1/38,70.00,7.77,54.0,-,-,8,-
23,Islamabad United,Faheem Ashraf,2018-2024,72,70,1385,1,1944,78,6/19,24.92,8.42,17.7,1,-,31,-
24,Islamabad United,Fawad Ahmed,2021-2021,5,5,120,-,167,6,2/25,27.83,8.35,20.0,-,-,-,-
25,Islamabad United,Fazalhaq Farooqi,2023-2023,6,6,139,-,183,11,3/25,16.63,7.89,12.6,-,-,2,-
26,Islamabad United,ST Finn,2018-2018,5,5,96,-,124,5,3/35,24.80,7.75,19.2,-,-,1,-
27,Islamabad United,MW Forde,2024-2024,1,1,12,-,18,-,-,0.00,9.00,-,-,-,-,-
28,Islamabad United,L Gregory,2021-2021,2,2,30,-,42,2,2/31,21.00,8.40,15.0,-,-,-,-
29,Islamabad United,MJ Guptill,2024-2024,3,-,0,-,-,-,-,0.00,-,-,-,-,2,-
30,Islamabad United,BJ Haddin,2016-2017,17,-,0,-,-,-,-,0.00,-,-,-,-,11,1
31,Islamabad United,Haider Ali,2024-2024,7,-,0,-,-,-,-,0.00,-,-,-,-,1,-
32,Islamabad United,AD Hales,2018-2024,35,-,0,-,-,-,-,0.00,-,-,-,-,15,-
33,Islamabad United,Hasan Ali,2021-2023,27,27,633,1,931,35,3/30,26.60,8.82,18.0,-,-,9,-
34,Islamabad United,Hasan Nawaz,2023-2023,3,-,0,-,-,-,-,0.00,-,-,-,-,-,-
35,Islamabad United,Hunain Shah,2024-2024,10,9,142,1,225,8,2/25,28.12,9.50,17.7,-,-,1,-
36,Islamabad United,Hussain Talat,2017-2021,40,13,156,-,261,7,2/18,37.28,10.03,22.2,-,-,12,-
37,Islamabad United,Iftikhar Ahmed,2018-2021,13,6,49,-,79,1,1/11,79.00,9.67,49.0,-,-,9,-
38,Islamabad United,Imad Wasim,2024-2024,12,12,228,-,251,12,5/23,20.91,6.60,19.0,1,-,2,-
39,Islamabad United,Imran Khalid,2016-2017,12,11,169,1,199,10,4/20,19.90,7.06,16.9,-,-,5,-
40,Islamabad United,CA Ingram,2020-2020,9,-,0,-,-,-,-,0.00,-,-,-,-,2,-
41,Islamabad United,WG Jacks,2022-2022,2,-,0,-,-,-,-,0.00,-,-,-,-,3,-
42,Islamabad United,Kamran Ghulam,2016-2016,2,1,6,-,6,-,-,0.00,6.00,-,-,-,-,-
43,Islamabad United,Khalid Latif,2016-2016,9,-,0,-,-,-,-,0.00,-,-,-,-,3,-
44,Islamabad United,UT Khawaja,2021-2021,7,-,0,-,-,-,-,0.00,-,-,-,-,-,-
45,Islamabad United,BA King,2021-2021,3,-,0,-,-,-,-,0.00,-,-,-,-,-,-
46,Islamabad United,OC McCoy,2024-2024,2,2,42,-,63,2,1/13,31.50,9.00,21.0,-,-,-,-
47,Islamabad United,DJ Malan,2020-2020,4,-,0,-,-,-,-,0.00,-,-,-,-,1,-
48,Islamabad United,TS Mills,2024-2024,6,6,131,-,216,6,3/34,36.00,9.89,21.8,-,-,1,-
49,Islamabad United,Misbah-ul-Haq,2016-2018,26,-,0,-,-,-,-,0.00,-,-,-,-,10,-
50,Islamabad United,Mohammad Irfan,2016-2017,14,14,306,2,365,14,3/22,26.07,7.15,21.8,-,-,2,-
51,Islamabad United,Mohammad Sami,2016-2019,36,36,762,1,875,42,5/8,20.83,6.88,18.1,1,-,11,-
52,Islamabad United,Mohammad Wasim,2021-2023,25,25,549,-,887,28,4/31,31.67,9.69,19.6,-,-,8,-
53,Islamabad United,Mubasir Khan,2022-2023,14,11,96,-,139,2,1/5,69.50,8.68,48.0,-,-,5,-
54,Islamabad United,Muhammad Akhlaq,2021-2022,7,-,0,-,-,-,-,0.00,-,-,-,-,5,-
55,Islamabad United,Muhammad Hurraira,2022-2022,1,-,0,-,-,-,-,0.00,-,-,-,-,-,-
56,Islamabad United,Muhammad Musa,2019-2022,19,18,352,2,550,19,3/18,28.94,9.37,18.5,-,-,3,-
57,Islamabad United,C Munro,2020-2024,39,-,0,-,-,-,-,0.00,-,-,-,-,10,-
58,Islamabad United,Naseem Shah,2024-2024,11,11,264,2,333,15,3/30,22.20,7.56,17.6,-,-,1,-
59,Islamabad United,Nasir Nawaz,2019-2022,2,-,0,-,-,-,-,0.00,-,-,-,-,1,-
60,Islamabad United,WD Parnell,2019-2019,3,2,12,-,32,-,-,0.00,16.00,-,-,-,1,-
61,Islamabad United,SR Patel,2018-2019,17,17,318,-,379,17,4/34,22.29,7.15,18.7,-,-,6,-
62,Islamabad United,N Pooran,2017-2017,1,-,0,-,-,-,-,0.00,-,-,-,-,-,-
63,Islamabad United,Rafatullah Mohmand,2017-2017,3,-,0,-,-,-,-,0.00,-,-,-,-,-,-
64,Islamabad United,Rahmanullah Gurbaz,2022-2023,14,-,0,-,-,-,-,0.00,-,-,-,-,6,-
65,Islamabad United,Rizwan Hussain,2019-2020,9,-,0,-,-,-,-,0.00,-,-,-,-,2,-
66,Islamabad United,Rohail Nazir,2021-2021,4,-,0,-,-,-,-,0.00,-,-,-,-,3,1
67,Islamabad United,L Ronchi,2018-2020,31,-,0,-,-,-,-,0.00,-,-,-,-,19,3
68,Islamabad United,Rumman Raees,2016-2024,42,42,872,-,1129,45,4/25,25.08,7.76,19.3,-,-,10,-
69,Islamabad United,AD Russell,2016-2018,14,13,266,-,365,20,3/18,18.25,8.23,13.3,-,-,6,-
70,Islamabad United,Saeed Ajmal,2016-2017,10,10,202,-,273,9,3/27,30.33,8.10,22.4,-,-,1,-
71,Islamabad United,Sahibzada Farhan,2018-2019,9,-,0,-,-,-,-,0.00,-,-,-,-,5,-
72,Islamabad United,PD Salt,2019-2021,10,-,0,-,-,-,-,0.00,-,-,-,-,6,-
73,Islamabad United,Shadab Khan,2017-2024,84,83,1804,1,2310,91,5/28,25.38,7.68,19.8,1,-,38,-
74,Islamabad United,Sharjeel Khan,2016-2017,12,-,0,-,-,-,-,0.00,-,-,-,-,4,-
75,Islamabad United,DR Smith,2016-2017,13,3,24,-,45,-,-,0.00,11.25,-,-,-,5,-
76,Islamabad United,Sohaib Maqsood,2023-2023,2,-,0,-,-,-,-,0.00,-,-,-,-,1,-
77,Islamabad United,DW Steyn,2020-2020,4,4,66,1,84,2,1/18,42.00,7.63,33.0,-,-,-,-
78,Islamabad United,PR Stirling,2021-2023,10,-,0,-,-,-,-,0.00,-,-,-,-,2,-
79,Islamabad United,Ubaid Shah,2024-2024,2,2,18,-,30,-,-,0.00,10.00,-,-,-,-,-
80,Islamabad United,Umar Amin,2016-2021,3,-,0,-,-,-,-,0.00,-,-,-,-,-,-
81,Islamabad United,HE van der Dussen,2023-2023,6,-,0,-,-,-,-,0.00,-,-,-,-,5,-
82,Islamabad United,CAK Walton,2018-2019,9,-,0,-,-,-,-,0.00,-,-,-,-,4,-
83,Islamabad United,Waqas Maqsood,2019-2022,10,10,226,-,350,14,4/35,25.00,9.29,16.1,-,-,2,-
84,Islamabad United,SR Watson,2016-2017,15,15,222,-,326,11,4/44,29.63,8.81,20.1,-,-,2,-
85,Islamabad United,Zafar Gohar,2018-2022,11,11,204,-,287,11,3/25,26.09,8.44,18.5,-,-,2,-
86,Islamabad United,Zahid Mahmood,2022-2022,2,2,42,-,49,1,1/20,49.00,7.00,42.0,-,-,-,-
87,Islamabad United,Zahir Khan,2022-2022,2,2,42,-,67,2,1/32,33.50,9.57,21.0,-,-,1,-
88,Islamabad United,Zeeshan Zameer,2022-2023,3,3,27,-,47,1,1/10,47.00,10.44,27.0,-,-,1,-
89,Islamabad United,Zohaib Khan,2017-2017,1,1,6,-,13,-,-,0.00,13.00,-,-,-,1,-
90,Karachi Kings,Aamer Yamin,2019-2023,27,26,452,2,686,19,3/37,36.10,9.10,23.7,-,-,7,-
91,Karachi Kings,Abbas Afridi,2021-2021,4,4,60,-,102,4,2/27,25.50,10.20,15.0,-,-,1,-
92,Karachi Kings,Abrar Ahmed,2017-2017,2,2,36,-,41,-,-,0.00,6.83,-,-,-,-,-
93,Karachi Kings,Akif Javed,2023-2023,5,5,93,-,135,8,4/28,16.87,8.70,11.6,-,-,-,-
94,Karachi Kings,Ali Khan,2020-2020,1,1,18,-,36,1,1/36,36.00,12.00,18.0,-,-,-,-
95,Karachi Kings,Anwar Ali,2024-2024,3,3,42,-,78,1,1/36,78.00,11.14,42.0,-,-,1,-
96,Karachi Kings,Arafat Minhas,2024-2024,2,1,24,-,11,1,1/11,11.00,2.75,24.0,-,-,2,-
97,Karachi Kings,Arshad Iqbal,2020-2021,16,16,320,1,466,17,3/16,27.41,8.73,18.8,-,-,1,-
98,Karachi Kings,Awais Zia,2019-2019,2,1,1,-,4,-,-,0.00,24.00,-,-,-,-,-
99,Karachi Kings,Babar Azam,2017-2022,66,-,0,-,-,-,-,0.00,-,-,-,-,39,-
100,Karachi Kings,Bilawal Bhatti,2016-2016,1,1,24,-,36,2,2/36,18.00,9.00,12.0,-,-,-,-
101,Karachi Kings,RS Bopara,2016-2019,31,18,258,-,376,15,6/16,25.06,8.74,17.2,1,-,16,-
102,Karachi Kings,DT Christian,2021-2021,5,5,74,-,134,4,1/12,33.50,10.86,18.5,-,-,2,-
103,Karachi Kings,JM Clarke,2021-2022,13,-,0,-,-,-,-,0.00,-,-,-,-,7,1
104,Karachi Kings,IA Cockbain,2022-2022,3,-,0,-,-,-,-,0.00,-,-,-,-,-,-
105,Karachi Kings,BCJ Cutting,2023-2023,6,2,24,-,41,3,2/12,13.66,10.25,8.0,-,-,6,-
106,Karachi Kings,Danish Aziz,2018-2021,4,2,18,-,31,-,-,0.00,10.33,-,-,-,2,-
107,Karachi Kings,CS Delport,2020-2020,8,3,55,-,93,1,1/23,93.00,10.14,55.0,-,-,3,-
108,Karachi Kings,JL Denly,2018-2018,12,1,12,-,15,-,-,0.00,7.50,-,-,-,8,-
109,Karachi Kings,BR Dunk,2019-2019,7,-,0,-,-,-,-,0.00,-,-,-,-,3,3
110,Karachi Kings,JL du Plooy,2024-2024,2,1,6,-,2,-,-,0.00,2.00,-,-,-,-,-
111,Karachi Kings,JK Fuller,2023-2023,3,3,66,-,104,2,1/29,52.00,9.45,33.0,-,-,1,-
112,Karachi Kings,CH Gayle,2017-2017,9,-,0,-,-,-,-,0.00,-,-,-,-,3,-
113,Karachi Kings,L Gregory,2022-2022,7,6,84,-,127,1,1/22,127.00,9.07,84.0,-,-,6,-
114,Karachi Kings,MJ Guptill,2021-2021,6,-,0,-,-,-,-,0.00,-,-,-,-,3,-
115,Karachi Kings,Haider Ali,2023-2023,6,-,0,-,-,-,-,0.00,-,-,-,-,1,-
116,Karachi Kings,AD Hales,2020-2020,9,-,0,-,-,-,-,0.00,-,-,-,-,4,-
117,Karachi Kings,Hasan Ali,2024-2024,10,10,228,-,314,14,4/15,22.42,8.26,16.2,-,-,1,-
118,Karachi Kings,Iftikhar Ahmed,2016-2020,22,8,98,-,118,4,2/4,29.50,7.22,24.5,-,-,7,-
119,Karachi Kings,Imad Wasim,2016-2023,78,74,1461,2,1738,51,3/16,34.07,7.13,28.6,-,-,17,-
120,Karachi Kings,Imran Tahir,2023-2023,5,5,120,-,155,3,2/24,51.66,7.75,40.0,-,-,4,-
121,Karachi Kings,CA Ingram,2018-2021,28,1,6,-,8,-,-,0.00,8.00,-,-,-,10,-
122,Karachi Kings,Irfan Khan,2023-2024,17,-,0,-,-,-,-,0.00,-,-,-,-,15,-
123,Karachi Kings,DPMD Jayawardene,2017-2017,1,-,0,-,-,-,-,0.00,-,-,-,-,-,-
124,Karachi Kings,CJ Jordan,2020-2022,14,14,318,-,462,18,3/41,25.66,8.71,17.6,-,-,7,-
125,Karachi Kings,Kashif Bhatti,2017-2017,1,1,12,-,24,-,-,0.00,12.00,-,-,-,-,-
126,Karachi Kings,Khurram Manzoor,2018-2018,7,-,0,-,-,-,-,0.00,-,-,-,-,1,-
127,Karachi Kings,TA Lammonby,2022-2022,3,-,0,-,-,-,-,0.00,-,-,-,-,1,-
128,Karachi Kings,LS Livingstone,2019-2019,11,-,0,-,-,-,-,0.00,-,-,-,-,4,-
129,Karachi Kings,MJ McClenaghan,2020-2020,1,1,6,-,14,-,-,0.00,14.00,-,-,-,-,-
130,Karachi Kings,TS Mills,2018-2018,8,7,147,-,208,9,2/23,23.11,8.48,16.3,-,-,4,-
131,Karachi Kings,Mir Hamza,2016-2024,16,15,288,-,401,19,4/27,21.10,8.35,15.1,-,-,5,-
132,Karachi Kings,Mohammad Amir Khan,2024-2024,2,2,12,-,17,-,-,0.00,8.50,-,-,-,-,-
133,Karachi Kings,Mohammad Amir,2016-2023,66,65,1454,6,1808,63,4/25,28.69,7.46,23.0,-,-,5,-
134,Karachi Kings,Mohammad Ilyas,2021-2022,8,8,143,1,244,9,3/39,27.11,10.23,15.8,-,-,1,-
135,Karachi Kings,Mohammad Imran,2022-2022,3,3,60,-,93,1,1/23,93.00,9.30,60.0,-,-,-,-
136,Karachi Kings,Mohammad Irfan,2018-2018,11,10,186,-,298,12,2/18,24.83,9.61,15.5,-,-,3,-
137,Karachi Kings,Mohammad Nabi,2021-2022,14,13,254,-,297,6,2/17,49.50,7.01,42.3,-,-,5,-
138,Karachi Kings,Mohammad Nawaz,2024-2024,8,7,120,-,176,2,1/23,88.00,8.80,60.0,-,-,1,-
139,Karachi Kings,Mohammad Rizwan,2018-2020,19,-,0,-,-,-,-,0.00,-,-,-,-,10,4
140,Karachi Kings,Mohammad Taha,2022-2022,5,1,24,-,32,-,-,0.00,8.00,-,-,-,-,-
141,Karachi Kings,Mohammad Umar,2023-2023,2,2,47,-,64,3,2/20,21.33,8.17,15.6,-,-,-,-
142,Karachi Kings,EJG Morgan,2018-2018,3,-,0,-,-,-,-,0.00,-,-,-,-,-,-
143,Karachi Kings,Muhammad Akhlaq,2023-2024,3,-,0,-,-,-,-,0.00,-,-,-,-,1,-
144,Karachi Kings,Muhammad Musa,2023-2023,3,2,48,-,92,3,2/48,30.66,11.50,16.0,-,-,1,-
145,Karachi Kings,Mukhtar Ahmed,2018-2018,1,-,0,-,-,-,-,0.00,-,-,-,-,1,-
146,Karachi Kings,C Munro,2019-2019,8,4,42,-,71,2,2/14,35.50,10.14,21.0,-,-,-,-
147,Karachi Kings,Mushfiqur Rahim,2016-2016,3,-,0,-,-,-,-,0.00,-,-,-,-,1,2
148,Karachi Kings,B Muzarabani,2024-2024,5,5,120,-,153,6,2/27,25.50,7.65,20.0,-,-,1,-
149,Karachi Kings,Najibullah Zadran,2021-2021,5,-,0,-,-,-,-,0.00,-,-,-,-,-,-
150,Karachi Kings,Nauman Anwar,2016-2016,5,-,0,-,-,-,-,0.00,-,-,-,-,1,-
151,Karachi Kings,Noor Ahmad,2021-2021,4,4,90,-,113,4,2/19,28.25,7.53,22.5,-,-,-,-
152,Karachi Kings,WD Parnell,2020-2020,1,1,18,-,35,-,-,0.00,11.66,-,-,-,-,-
153,Karachi Kings,NLTC Perera,2021-2021,3,3,42,-,56,4,2/10,14.00,8.00,10.5,-,-,-,-
154,Karachi Kings,KA Pollard,2017-2024,19,2,13,-,34,-,-,0.00,15.69,-,-,-,15,-
155,Karachi Kings,Qasim Akram,2021-2023,9,3,36,-,52,1,1/7,52.00,8.66,36.0,-,-,4,-
156,Karachi Kings,Rohail Nazir,2022-2022,3,-,0,-,-,-,-,0.00,-,-,-,-,-,-
157,Karachi Kings,AM Rossington,2023-2023,3,-,0,-,-,-,-,0.00,-,-,-,-,1,-
158,Karachi Kings,SE Rutherford,2020-2020,2,-,0,-,-,-,-,0.00,-,-,-,-,2,-
159,Karachi Kings,Saad Baig,2024-2024,1,-,0,-,-,-,-,0.00,-,-,-,-,-,-
160,Karachi Kings,Sahibzada Farhan,2022-2022,5,-,0,-,-,-,-,0.00,-,-,-,-,2,-
161,Karachi Kings,Saifullah Bangash,2016-2016,5,-,0,-,-,-,-,0.00,-,-,-,-,2,-
162,Karachi Kings,DR Sams,2024-2024,4,4,96,-,154,4,2/28,38.50,9.62,24.0,-,-,-,-
163,Karachi Kings,KC Sangakkara,2017-2017,10,-,0,-,-,-,-,0.00,-,-,-,-,10,-
164,Karachi Kings,TL Seifert,2024-2024,7,-,0,-,-,-,-,0.00,-,-,-,-,3,-
165,Karachi Kings,Shahid Afridi,2018-2018,9,9,198,2,208,13,3/18,16.00,6.30,15.2,-,-,3,-
166,Karachi Kings,Shahzaib Hasan,2016-2017,4,-,0,-,-,-,-,0.00,-,-,-,-,1,-
167,Karachi Kings,T Shamsi,2023-2024,8,8,186,-,260,10,3/18,26.00,8.38,18.6,-,-,1,-
168,Karachi Kings,Shan Masood,2024-2024,10,-,0,-,-,-,-,0.00,-,-,-,-,6,-
169,Karachi Kings,Shakib Al Hasan,2016-2016,8,7,126,-,167,3,1/26,55.66,7.95,42.0,-,-,3,-
170,Karachi Kings,Sharjeel Khan,2020-2023,37,-,0,-,-,-,-,0.00,-,-,-,-,3,-
171,Karachi Kings,Shoaib Malik,2016-2024,38,22,329,-,364,10,3/16,36.40,6.63,32.9,-,-,13,-
172,Karachi Kings,Sikandar Raza,2019-2019,3,2,36,1,32,3,2/23,10.66,5.33,12.0,-,-,2,-
173,Karachi Kings,LMP Simmons,2016-2018,8,-,0,-,-,-,-,0.00,-,-,-,-,3,-
174,Karachi Kings,Sohail Khan,2016-2019,19,19,404,1,552,22,3/23,25.09,8.19,18.3,-,-,1,-
175,Karachi Kings,Sohail Tanvir,2016-2016,6,6,119,-,150,2,1/19,75.00,7.56,59.5,-,-,1,-
176,Karachi Kings,AW Summers,2019-2019,2,2,48,-,62,-,-,0.00,7.75,-,-,-,1,-
177,Karachi Kings,Tayyab Tahir,2023-2023,5,-,0,-,-,-,-,0.00,-,-,-,-,4,-
178,Karachi Kings,RN ten Doeschate,2016-2016,1,-,0,-,-,-,-,0.00,-,-,-,-,-,-
179,Karachi Kings,JA Thompson,2022-2022,2,1,12,-,22,1,1/22,22.00,11.00,12.0,-,-,-,-
180,Karachi Kings,AJ Tye,2023-2023,4,4,90,-,160,1,1/32,160.00,10.66,90.0,-,-,1,-
181,Karachi Kings,Umaid Asif,2020-2022,15,15,327,-,447,16,3/36,27.93,8.20,20.4,-,-,3,-
182,Karachi Kings,Umer Khan,2019-2020,17,15,306,-,397,19,3/22,20.89,7.78,16.1,-,-,3,-
183,Karachi Kings,Usama Mir,2016-2020,20,20,395,-,557,18,3/24,30.94,8.46,21.9,-,-,4,-
184,Karachi Kings,Usman Shinwari,2017-2022,30,29,607,-,841,37,4/15,22.72,8.31,16.4,-,-,5,-
185,Karachi Kings,JM Vince,2016-2024,21,-,0,-,-,-,-,0.00,-,-,-,-,3,-
186,Karachi Kings,MS Wade,2023-2023,9,-,0,-,-,-,-,0.00,-,-,-,-,4,2
187,Karachi Kings,CAK Walton,2020-2021,18,-,0,-,-,-,-,0.00,-,-,-,-,12,2
188,Karachi Kings,Waqas Maqsood,2020-2021,10,10,195,-,255,13,2/18,19.61,7.84,15.0,-,-,2,-
189,Karachi Kings,MH Wessels,2016-2016,2,-,0,-,-,-,-,0.00,-,-,-,-,1,-
190,Karachi Kings,D Wiese,2018-2018,1,1,18,-,33,-,-,0.00,11.00,-,-,-,-,-
191,Karachi Kings,Zahid Mahmood,2024-2024,6,6,144,-,167,8,2/17,20.87,6.95,18.0,-,-,1,-
192,Lahore Qalandars,Aamer Yamin,2017-2018,5,5,90,-,126,4,3/17,31.50,8.40,22.5,-,-,3,-
193,Lahore Qalandars,KJ Abbott,2018-2018,1,1,18,-,25,1,1/25,25.00,8.33,18.0,-,-,-,-
194,Lahore Qalandars,Abdullah Shafique,2022-2024,26,-,0,-,-,-,-,0.00,-,-,-,-,10,-
195,Lahore Qalandars,Adnan Rasool,2016-2016,3,2,36,-,67,-,-,0.00,11.16,-,-,-,-,-
196,Lahore Qalandars,Agha Salman,2018-2021,15,4,25,-,33,-,-,0.00,7.92,-,-,-,3,-
197,Lahore Qalandars,Ahmed Daniyal,2021-2021,10,10,210,-,330,6,2/29,55.00,9.42,35.0,-,-,1,-
198,Lahore Qalandars,Ahsan Hafeez,2023-2024,6,5,48,-,80,3,2/19,26.66,10.00,16.0,-,-,-,-
199,Lahore Qalandars,Aizaz Cheema,2019-2019,1,1,18,-,32,-,-,0.00,10.66,-,-,-,-,-
200,Lahore Qalandars,CJ Anderson,2019-2019,3,-,0,-,-,-,-,0.00,-,-,-,-,-,-
201,Lahore Qalandars,Azhar Ali,2016-2016,7,2,30,-,30,-,-,0.00,6.00,-,-,-,3,-
202,Lahore Qalandars,Bilal Asif,2018-2018,1,1,12,-,19,-,-,0.00,9.50,-,-,-,-,-
203,Lahore Qalandars,Bilawal Bhatti,2017-2017,5,5,91,-,100,1,1/34,100.00,6.59,91.0,-,-,4,-
204,Lahore Qalandars,SW Billings,2023-2023,10,-,0,-,-,-,-,0.00,-,-,-,-,11,-
205,Lahore Qalandars,CR Brathwaite,2019-2024,5,4,66,-,102,2,1/25,51.00,9.27,33.0,-,-,-,-
206,Lahore Qalandars,DJ Bravo,2016-2016,8,8,162,-,226,4,3/30,56.50,8.37,40.5,-,-,2,-
207,Lahore Qalandars,HC Brook,2022-2022,10,-,0,-,-,-,-,0.00,-,-,-,-,5,-
208,Lahore Qalandars,KK Cooper,2016-2016,7,6,102,-,157,6,3/25,26.16,9.23,17.0,-,-,3,-
209,Lahore Qalandars,S Dadswell,2023-2023,1,1,6,-,8,-,-,0.00,8.00,-,-,-,1,-
210,Lahore Qalandars,TH David,2021-2021,6,-,0,-,-,-,-,0.00,-,-,-,-,4,-
211,Lahore Qalandars,LA Dawson,2023-2023,2,2,24,-,37,1,1/29,37.00,9.25,24.0,-,-,-,-
212,Lahore Qalandars,CS Delport,2016-2018,14,6,76,-,105,5,3/18,21.00,8.28,15.2,-,-,2,-
213,Lahore Qalandars,JL Denly,2021-2021,2,-,0,-,-,-,-,0.00,-,-,-,-,1,-
214,Lahore Qalandars,AP Devcich,2018-2019,10,2,12,-,31,-,-,0.00,15.50,-,-,-,2,-
215,Lahore Qalandars,AB de Villiers,2019-2019,7,-,0,-,-,-,-,0.00,-,-,-,-,2,-
216,Lahore Qalandars,Dilbar Hussain,2020-2023,12,12,225,-,316,15,4/24,21.06,8.42,15.0,-,-,3,-
217,Lahore Qalandars,BR Dunk,2020-2022,23,-,0,-,-,-,-,0.00,-,-,-,-,21,-
218,Lahore Qalandars,Ehsan Adil,2016-2016,5,5,119,-,170,7,4/39,24.28,8.57,17.0,-,-,1,-
219,Lahore Qalandars,GD Elliott,2017-2017,7,7,72,-,115,4,4/23,28.75,9.58,18.0,-,-,3,-
220,Lahore Qalandars,Fakhar Zaman,2017-2024,84,7,60,-,58,2,1/3,29.00,5.80,30.0,-,-,38,-
221,Lahore Qalandars,JP Faulkner,2021-2021,6,6,144,-,156,13,3/19,12.00,6.50,11.0,-,-,2,-
222,Lahore Qalandars,Fawad Ahmed,2022-2022,1,1,24,-,26,2,2/26,13.00,6.50,12.0,-,-,1,-
223,Lahore Qalandars,D Foxcroft,2022-2022,1,-,0,-,-,-,-,0.00,-,-,-,-,1,-
224,Lahore Qalandars,Gauhar Ali,2019-2019,3,-,0,-,-,-,-,0.00,-,-,-,-,1,-
225,Lahore Qalandars,CH Gayle,2016-2016,5,1,6,-,5,-,-,0.00,5.00,-,-,-,-,-
226,Lahore Qalandars,Ghulam Mudassar,2017-2017,1,1,12,-,23,-,-,0.00,11.50,-,-,-,-,-
227,Lahore Qalandars,Gulraiz Sadaf,2018-2018,5,-,0,-,-,-,-,0.00,-,-,-,-,2,-
228,Lahore Qalandars,DAS Gunaratne,2019-2019,1,1,6,-,8,-,-,0.00,8.00,-,-,-,-,-
229,Lahore Qalandars,Hammad Azam,2016-2016,3,1,12,-,25,-,-,0.00,12.50,-,-,-,-,-
230,Lahore Qalandars,Haris Rauf,2019-2024,57,57,1285,-,1950,66,4/23,29.54,9.10,19.4,-,-,18,-
231,Lahore Qalandars,Haris Sohail,2019-2019,5,-,0,-,-,-,-,0.00,-,-,-,-,4,-
232,Lahore Qalandars,Hassan Khan,2019-2019,2,2,18,-,29,-,-,0.00,9.66,-,-,-,-,-
233,Lahore Qalandars,SD Hope,2023-2024,8,-,0,-,-,-,-,0.00,-,-,-,-,6,-
234,Lahore Qalandars,Hussain Talat,2023-2023,11,5,48,-,68,4,2/24,17.00,8.50,12.0,-,-,1,-
235,Lahore Qalandars,Imran Khan,2018-2018,1,1,16,-,24,1,1/24,24.00,9.00,16.0,-,-,-,-
236,Lahore Qalandars,Jahandad Khan,2024-2024,9,9,138,-,226,5,2/30,45.20,9.82,27.6,-,-,4,-
237,Lahore Qalandars,Kamran Ghulam,2022-2024,19,5,48,-,73,1,1/15,73.00,9.12,48.0,-,-,3,-
238,Lahore Qalandars,S Lamichhane,2019-2019,7,7,148,-,189,11,4/10,17.18,7.66,13.4,-,-,2,-
239,Lahore Qalandars,GF Linde,2024-2024,4,4,72,-,106,1,1/26,106.00,8.83,72.0,-,-,1,-
240,Lahore Qalandars,CA Lynn,2020-2020,8,-,0,-,-,-,-,0.00,-,-,-,-,2,-
241,Lahore Qalandars,Maaz Khan,2020-2020,3,3,42,-,76,2,2/31,38.00,10.85,21.0,-,-,1,-
242,Lahore Qalandars,MJ McClenaghan,2018-2018,4,4,96,-,142,2,1/31,71.00,8.87,48.0,-,-,1,-
243,Lahore Qalandars,BB McCullum,2017-2018,18,1,6,-,13,-,-,0.00,13.00,-,-,-,5,-
244,Lahore Qalandars,BAW Mendis,2016-2016,4,4,72,-,94,4,3/17,23.50,7.83,18.0,-,-,-,-
245,Lahore Qalandars,Mirza Baig,2023-2024,12,-,0,-,-,-,-,0.00,-,-,-,-,2,-
246,Lahore Qalandars,Muhammad Faizan,2020-2021,9,3,42,-,72,3,2/29,24.00,10.28,14.0,-,-,1,-
247,Lahore Qalandars,Mohammad Hafeez,2019-2022,38,23,307,1,349,11,2/23,31.72,6.82,27.9,-,-,14,-
248,Lahore Qalandars,Mohammad Imran,2024-2024,1,1,18,-,41,-,-,0.00,13.66,-,-,-,-,-
249,Lahore Qalandars,Mohammad Irfan,2017-2017,7,7,120,-,185,7,3/26,26.42,9.25,17.1,-,-,-,-
250,Lahore Qalandars,Mohammad Rizwan,2016-2017,16,-,0,-,-,-,-,0.00,-,-,-,-,11,6
251,Lahore Qalandars,Mustafizur Rahman,2018-2018,5,5,96,1,103,4,2/22,25.75,6.43,24.0,-,-,-,-
252,Lahore Qalandars,SP Narine,2017-2018,17,17,396,-,411,20,3/28,20.55,6.22,19.8,-,-,5,-
253,Lahore Qalandars,Naved Yasin,2016-2016,5,-,0,-,-,-,-,0.00,-,-,-,-,1,-
254,Lahore Qalandars,SR Patel,2020-2022,21,17,288,1,389,13,4/5,29.92,8.10,22.1,-,-,6,-
255,Lahore Qalandars,S Prasanna,2020-2020,2,2,30,-,56,-,-,0.00,11.20,-,-,-,-,-
256,Lahore Qalandars,Rahat Ali,2019-2019,7,7,143,-,176,10,4/29,17.60,7.38,14.3,-,-,1,-
257,Lahore Qalandars,Raja Farzan,2020-2020,2,2,36,-,35,2,2/24,17.50,5.83,18.0,-,-,-,-
258,Lahore Qalandars,D Ramdin,2018-2018,4,-,0,-,-,-,-,0.00,-,-,-,-,1,-
259,Lahore Qalandars,Rashid Khan,2021-2023,28,28,666,1,681,44,5/20,15.47,6.13,15.1,1,-,7,-
260,Lahore Qalandars,Raza Hasan,2018-2018,2,2,30,-,47,-,-,0.00,9.40,-,-,-,-,-
261,Lahore Qalandars,JJ Roy,2017-2017,5,-,0,-,-,-,-,0.00,-,-,-,-,1,-
262,Lahore Qalandars,Saad Ali,2019-2019,1,-,0,-,-,-,-,0.00,-,-,-,-,-,-
263,Lahore Qalandars,Sahibzada Farhan,2024-2024,8,-,0,-,-,-,-,0.00,-,-,-,-,1,1
264,Lahore Qalandars,Salman Butt,2019-2020,3,-,0,-,-,-,-,0.00,-,-,-,-,-,-
265,Lahore Qalandars,Salman Fayyaz,2024-2024,3,3,38,-,61,2,1/23,30.50,9.63,19.0,-,-,2,-
266,Lahore Qalandars,Salman Irshad,2018-2020,8,8,108,-,203,8,4/30,25.37,11.27,13.5,-,-,-,-
267,Lahore Qalandars,Salman Mirza,2021-2021,2,2,36,-,62,2,2/35,31.00,10.33,18.0,-,-,-,-
268,Lahore Qalandars,PD Salt,2022-2022,9,-,0,-,-,-,-,0.00,-,-,-,-,3,3
269,Lahore Qalandars,Shaheen Shah Afridi,2018-2024,71,71,1623,4,2166,103,5/4,21.02,8.00,15.7,2,-,19,-
270,Lahore Qalandars,Shawaiz Irfan,2023-2023,1,-,0,-,-,-,-,0.00,-,-,-,-,-,-
271,Lahore Qalandars,Sikandar Raza,2023-2024,20,16,203,-,297,7,2/6,42.42,8.77,29.0,-,-,4,-
272,Lahore Qalandars,Sohaib Maqsood,2016-2016,2,-,0,-,-,-,-,0.00,-,-,-,-,-,-
273,Lahore Qalandars,Sohail Akhtar,2018-2022,44,1,1,-,-,-,-,0.00,0.00,-,-,-,16,-
274,Lahore Qalandars,Sohail Khan,2018-2018,7,7,154,-,226,8,3/34,28.25,8.80,19.2,-,-,1,-
275,Lahore Qalandars,Sohail Tanvir,2017-2017,8,8,179,-,251,10,2/24,25.10,8.41,17.9,-,-,1,-
276,Lahore Qalandars,Tamim Iqbal,2020-2020,3,-,0,-,-,-,-,0.00,-,-,-,-,-,-
277,Lahore Qalandars,BRM Taylor,2019-2019,4,-,0,-,-,-,-,0.00,-,-,-,-,-,-
278,Lahore Qalandars,Tayyab Abbas,2024-2024,3,3,36,-,52,2,2/23,26.00,8.66,18.0,-,-,-,-
279,Lahore Qalandars,RN ten Doeschate,2019-2019,1,1,10,-,9,1,1/9,9.00,5.40,10.0,-,-,-,-
280,Lahore Qalandars,LJ Tucker,2024-2024,1,-,0,-,-,-,-,0.00,-,-,-,-,-,-
281,Lahore Qalandars,Umair Masood,2019-2019,1,-,0,-,-,-,-,0.00,-,-,-,-,-,-
282,Lahore Qalandars,Umar Akmal,2016-2018,20,-,0,-,-,-,-,0.00,-,-,-,-,16,-
283,Lahore Qalandars,Usman Shinwari,2020-2020,4,4,77,-,147,-,-,0.00,11.45,-,-,-,-,-
284,Lahore Qalandars,HE van der Dussen,2024-2024,7,-,0,-,-,-,-,0.00,-,-,-,-,1,-
285,Lahore Qalandars,DJ Vilas,2020-2020,5,-,0,-,-,-,-,0.00,-,-,-,-,4,1
286,Lahore Qalandars,GC Viljoen,2019-2019,2,2,30,-,43,1,1/30,43.00,8.60,30.0,-,-,1,-
287,Lahore Qalandars,MH Wessels,2019-2019,2,-,0,-,-,-,-,0.00,-,-,-,-,-,-
288,Lahore Qalandars,D Wiese,2019-2024,52,51,859,-,1167,38,3/17,30.71,8.15,22.6,-,-,20,-
289,Lahore Qalandars,Yasir Shah,2017-2019,23,23,499,-,580,23,4/7,25.21,6.97,21.6,-,-,2,-
290,Lahore Qalandars,Zafar Gohar,2016-2016,6,5,74,-,102,7,4/14,14.57,8.27,10.5,-,-,1,-
291,Lahore Qalandars,Zaman Khan,2022-2024,35,35,722,2,1057,44,4/16,24.02,8.78,16.4,-,-,5,-
292,Lahore Qalandars,Zeeshan Ashraf,2021-2022,5,-,0,-,-,-,-,0.00,-,-,-,-,-,-
293,Lahore Qalandars,Zia-ul-Haq,2016-2016,3,3,48,-,69,3,2/38,23.00,8.62,16.0,-,-,-,-
294,Lahore Qalandars,Zohaib Khan,2016-2016,7,7,132,-,183,3,2/35,61.00,8.31,44.0,-,-,1,-
295,Multan Sultans,Abbas Afridi,2022-2024,25,25,500,-,747,39,5/47,19.15,8.96,12.8,1,-,5,-
296,Multan Sultans,Aftab Ibrahim,2024-2024,3,3,42,-,61,3,2/26,20.33,8.71,14.0,-,-,2,-
297,Multan Sultans,Ahmed Shehzad,2018-2018,10,-,0,-,-,-,-,0.00,-,-,-,-,7,-
298,Multan Sultans,MM Ali,2020-2020,9,6,66,-,110,5,2/13,22.00,10.00,13.2,-,-,6,-
299,Multan Sultans,Ali Shafique,2019-2020,4,4,75,-,91,4,2/11,22.75,7.28,18.7,-,-,-,-
300,Multan Sultans,Anwar Ali,2022-2023,11,11,204,-,334,12,3/33,27.83,9.82,17.0,-,-,6,-
301,Multan Sultans,Asad Shafiq,2020-2020,1,-,0,-,-,-,-,0.00,-,-,-,-,-,-
302,Multan Sultans,Asif Afridi,2022-2022,5,5,114,1,124,8,3/19,15.50,6.52,14.2,-,-,1,-
303,Multan Sultans,Bilawal Bhatti,2020-2020,2,2,42,-,67,3,3/26,22.33,9.57,14.0,-,-,-,-
304,Multan Sultans,RS Bopara,2020-2020,6,1,12,-,17,-,-,0.00,8.50,-,-,-,1,-
305,Multan Sultans,CR Brathwaite,2021-2023,9,9,168,1,240,5,2/20,48.00,8.57,33.6,-,-,3,-
306,Multan Sultans,DM Bravo,2018-2018,5,-,0,-,-,-,-,0.00,-,-,-,-,3,-
307,Multan Sultans,J Charles,2019-2024,18,-,0,-,-,-,-,0.00,-,-,-,-,4,-
308,Multan Sultans,DT Christian,2019-2019,8,5,63,-,113,5,3/19,22.60,10.76,12.6,-,-,4,-
309,Multan Sultans,SS Cottrell,2023-2023,3,3,48,-,81,3,3/20,27.00,10.12,16.0,-,-,1,-
310,Multan Sultans,TH David,2022-2023,16,4,30,-,49,1,1/4,49.00,9.80,30.0,-,-,11,-
311,Multan Sultans,LJ Evans,2019-2019,5,-,0,-,-,-,-,0.00,-,-,-,-,2,-
312,Multan Sultans,Faisal Akram,2024-2024,2,2,30,-,41,2,2/25,20.50,8.20,15.0,-,-,-,-
313,Multan Sultans,CJ Green,2019-2019,5,5,102,-,111,4,3/32,27.75,6.52,25.5,-,-,-,-
314,Multan Sultans,Hammad Azam,2019-2021,6,1,6,-,8,-,-,0.00,8.00,-,-,-,1,-
315,Multan Sultans,RR Hendricks,2024-2024,8,-,0,-,-,-,-,0.00,-,-,-,-,4,-
316,Multan Sultans,SO Hetmyer,2021-2021,2,-,0,-,-,-,-,0.00,-,-,-,-,-,-
317,Multan Sultans,AJ Hosein,2023-2023,3,3,66,-,98,1,1/31,98.00,8.90,66.0,-,-,1,-
318,Multan Sultans,Iftikhar Ahmed,2024-2024,12,7,78,-,121,2,2/19,60.50,9.30,39.0,-,-,4,-
319,Multan Sultans,Ihsanullah,2022-2023,14,14,294,2,370,23,5/12,16.08,7.55,12.7,1,-,-,-
320,Multan Sultans,Imran Khan,2021-2022,10,10,214,1,308,12,3/24,25.66,8.63,17.8,-,-,1,-
321,Multan Sultans,Imran Tahir,2018-2022,39,37,816,2,945,53,3/7,17.83,6.94,15.3,-,-,11,-
322,Multan Sultans,Izharulhaq Naveed,2023-2023,1,1,24,-,55,-,-,0.00,13.75,-,-,-,-,-
323,Multan Sultans,CJ Jordan,2024-2024,6,6,126,-,177,6,2/28,29.50,8.42,21.0,-,-,3,-
324,Multan Sultans,Junaid Khan,2018-2020,18,17,360,-,501,18,3/24,27.83,8.35,20.0,-,-,4,-
325,Multan Sultans,Khushdil Shah,2020-2024,55,30,406,1,483,24,4/35,20.12,7.13,16.9,-,-,23,-
326,Multan Sultans,CA Lynn,2021-2021,4,-,0,-,-,-,-,0.00,-,-,-,-,1,-
327,Multan Sultans,A Lyth,2020-2020,2,2,18,-,26,1,1/22,26.00,8.66,18.0,-,-,2,-
328,Multan Sultans,DJ Malan,2024-2024,5,-,0,-,-,-,-,0.00,-,-,-,-,-,-
329,Multan Sultans,Mohammad Ali,2024-2024,12,12,258,1,354,19,3/19,18.63,8.23,13.5,-,-,4,-
330,Multan Sultans,DA Miller,2023-2023,8,-,0,-,-,-,-,0.00,-,-,-,-,6,-
331,Multan Sultans,Mohammad Abbas,2019-2019,3,3,72,1,69,5,3/22,13.80,5.75,14.4,-,-,-,-
332,Multan Sultans,Mohammad Ilyas,2019-2023,20,18,315,-,467,19,3/27,24.57,8.89,16.5,-,-,7,-
333,Multan Sultans,Mohammad Irfan,2018-2020,27,25,564,1,649,19,2/19,34.15,6.90,29.6,-,-,3,-
334,Multan Sultans,Mohammad Irfan,2019-2019,2,2,32,-,68,-,-,0.00,12.75,-,-,-,-,-
335,Multan Sultans,Mohammad Rizwan,2021-2024,48,-,0,-,-,-,-,0.00,-,-,-,-,50,5
336,Multan Sultans,Mohammad Umar,2021-2021,2,2,42,-,79,2,1/34,39.50,11.28,21.0,-,-,1,-
337,Multan Sultans,TJ Moores,2019-2019,3,-,0,-,-,-,-,0.00,-,-,-,-,-,1
338,Multan Sultans,Muhammad Amir Barki,2022-2022,5,1,6,-,3,-,-,0.00,3.00,-,-,-,3,-
339,Multan Sultans,B Muzarabani,2021-2022,10,10,208,-,273,15,3/18,18.20,7.87,13.8,-,-,1,-
340,Multan Sultans,Noman Ali,2019-2019,4,4,66,-,87,2,2/14,43.50,7.90,33.0,-,-,-,-
341,Multan Sultans,KA Pollard,2018-2023,21,10,125,-,191,8,3/37,23.87,9.16,15.6,-,-,17,-
342,Multan Sultans,Rahmanullah Gurbaz,2021-2021,1,-,0,-,-,-,-,0.00,-,-,-,-,1,-
343,Multan Sultans,Rohail Nazir,2020-2020,2,-,0,-,-,-,-,0.00,-,-,-,-,-,-
344,Multan Sultans,RR Rossouw,2020-2023,43,-,0,-,-,-,-,0.00,-,-,-,-,14,-
345,Multan Sultans,Rumman Raees,2022-2022,6,6,102,-,160,3,1/15,53.33,9.41,34.0,-,-,1,-
346,Multan Sultans,AD Russell,2019-2019,4,4,66,-,118,1,1/25,118.00,10.72,66.0,-,-,2,-
347,Multan Sultans,Saif Badar,2018-2018,10,1,12,-,15,1,1/15,15.00,7.50,12.0,-,-,1,-
348,Multan Sultans,Sameen Gul,2023-2023,4,4,72,-,116,3,2/20,38.66,9.66,24.0,-,-,2,-
349,Multan Sultans,KC Sangakkara,2018-2018,10,-,0,-,-,-,-,0.00,-,-,-,-,9,1
350,Multan Sultans,Shahid Afridi,2019-2021,21,20,382,-,486,19,2/18,25.57,7.63,20.1,-,-,8,-
351,Multan Sultans,Shahnawaz Dahani,2021-2024,27,27,536,1,813,39,4/5,20.84,9.10,13.7,-,-,9,-
352,Multan Sultans,Shakeel Ansar,2019-2019,1,-,0,-,-,-,-,0.00,-,-,-,-,-,-
353,Multan Sultans,Shan Masood,2019-2023,43,-,0,-,-,-,-,0.00,-,-,-,-,20,-
354,Multan Sultans,Shoaib Malik,2018-2019,20,10,138,-,162,3,1/6,54.00,7.04,46.0,-,-,4,-
355,Multan Sultans,Sohaibullah,2021-2021,1,1,18,-,26,-,-,0.00,8.66,-,-,-,-,-
356,Multan Sultans,Sohaib Maqsood,2018-2022,29,-,0,-,-,-,-,0.00,-,-,-,-,8,-
357,Multan Sultans,Sohail Khan,2021-2021,5,5,119,-,174,2,1/33,87.00,8.77,59.5,-,-,-,-
358,Multan Sultans,Sohail Tanvir,2018-2021,28,26,553,1,720,26,4/13,27.69,7.81,21.2,-,-,8,-
359,Multan Sultans,OP Stone,2024-2024,1,1,22,-,28,-,-,0.00,7.63,-,-,-,-,-
360,Multan Sultans,Tayyab Tahir,2024-2024,6,-,0,-,-,-,-,0.00,-,-,-,-,4,-
361,Multan Sultans,Umar Gul,2018-2018,2,2,48,-,50,8,6/24,6.25,6.25,6.0,1,-,-,-
362,Multan Sultans,Umar Siddiq,2019-2019,7,-,0,-,-,-,-,0.00,-,-,-,-,4,1
363,Multan Sultans,Usama Mir,2023-2024,24,24,539,-,722,41,6/40,17.60,8.03,13.1,1,-,9,-
364,Multan Sultans,Usman Khan,2023-2024,11,-,0,-,-,-,-,0.00,-,-,-,-,9,1
365,Multan Sultans,Usman Qadir,2020-2021,5,5,114,-,132,5,2/22,26.40,6.94,22.8,-,-,1,-
366,Multan Sultans,GC Viljoen,2018-2018,2,2,48,-,73,3,2/49,24.33,9.12,16.0,-,-,2,-
367,Multan Sultans,JM Vince,2019-2021,18,-,0,-,-,-,-,0.00,-,-,-,-,11,-
368,Multan Sultans,RA Whiteley,2018-2018,3,1,18,-,45,-,-,0.00,15.00,-,-,-,1,-
369,Multan Sultans,DJ Willey,2022-2024,19,19,399,-,514,28,3/22,18.35,7.72,14.2,-,-,10,-
370,Multan Sultans,Yasir Khan,2024-2024,8,-,0,-,-,-,-,0.00,-,-,-,-,2,-
371,Multan Sultans,Zeeshan Ashraf,2020-2020,11,-,0,-,-,-,-,0.00,-,-,-,-,7,1
372,Peshawar Zalmi,Aamer Jamal,2023-2024,14,14,274,-,463,14,3/43,33.07,10.13,19.5,-,-,4,-
373,Peshawar Zalmi,Aamer Yamin,2016-2016,2,2,42,-,54,1,1/21,54.00,7.71,42.0,-,-,-,-
374,Peshawar Zalmi,Abdur Rehman,2016-2016,1,1,18,-,28,-,-,0.00,9.33,-,-,-,1,-
375,Peshawar Zalmi,Abrar Ahmed,2021-2021,2,2,42,-,62,3,3/14,20.66,8.85,14.0,-,-,-,-
376,Peshawar Zalmi,Adil Amin,2020-2020,1,-,0,-,-,-,-,0.00,-,-,-,-,-,-
377,Peshawar Zalmi,Aimal Khan,2024-2024,1,1,6,-,13,-,-,0.00,13.00,-,-,-,-,-
378,Peshawar Zalmi,Ali Majid,2022-2022,1,1,24,-,33,-,-,0.00,8.25,-,-,-,-,-
379,Peshawar Zalmi,FA Allen,2021-2021,3,3,48,-,83,3,2/36,27.66,10.37,16.0,-,-,1,-
380,Peshawar Zalmi,J Allenby,2016-2016,2,-,0,-,-,-,-,0.00,-,-,-,-,-,-
381,Peshawar Zalmi,Amad Butt,2021-2022,6,6,123,-,212,3,1/20,70.66,10.34,41.0,-,-,1,-
382,Peshawar Zalmi,Arif Yaqoob,2024-2024,5,5,96,-,142,8,5/27,17.75,8.87,12.0,1,-,-,-
383,Peshawar Zalmi,Arish Ali,2022-2022,1,1,18,-,36,-,-,0.00,12.00,-,-,-,-,-
384,Peshawar Zalmi,Arshad Iqbal,2022-2023,8,8,180,1,303,8,3/27,37.87,10.10,22.5,-,-,-,-
385,Peshawar Zalmi,Asif Ali,2024-2024,6,-,0,-,-,-,-,0.00,-,-,-,-,1,-
386,Peshawar Zalmi,Azmatullah Omarzai,2023-2023,6,6,140,-,229,10,3/28,22.90,9.81,14.0,-,-,2,-
387,Peshawar Zalmi,Babar Azam,2023-2024,22,-,0,-,-,-,-,0.00,-,-,-,-,8,-
388,Peshawar Zalmi,JM Bairstow,2016-2016,1,-,0,-,-,-,-,0.00,-,-,-,-,2,-
389,Peshawar Zalmi,T Banton,2020-2020,7,-,0,-,-,-,-,0.00,-,-,-,-,7,-
390,Peshawar Zalmi,RS Bopara,2021-2021,2,-,0,-,-,-,-,0.00,-,-,-,-,-,-
391,Peshawar Zalmi,CR Brathwaite,2020-2020,4,4,59,-,83,5,3/28,16.60,8.44,11.8,-,-,1,-
392,Peshawar Zalmi,PR Brown,2022-2022,2,2,42,-,61,-,-,0.00,8.71,-,-,-,2,-
393,Peshawar Zalmi,BCJ Cutting,2022-2022,9,3,41,-,68,1,1/37,68.00,9.95,41.0,-,-,8,-
394,Peshawar Zalmi,LA Dawson,2018-2020,24,20,342,1,462,11,3/17,42.00,8.10,31.0,-,-,12,-
395,Peshawar Zalmi,F du Plessis,2020-2020,1,-,0,-,-,-,-,0.00,-,-,-,-,-,-
396,Peshawar Zalmi,ADS Fletcher,2018-2019,9,-,0,-,-,-,-,0.00,-,-,-,-,2,-
397,Peshawar Zalmi,L Gregory,2020-2020,4,4,60,-,105,4,4/25,26.25,10.50,15.0,-,-,2,-
398,Peshawar Zalmi,Haider Ali,2020-2022,28,-,0,-,-,-,-,0.00,-,-,-,-,6,-
399,Peshawar Zalmi,Hammad Azam,2018-2020,3,2,25,-,44,-,-,0.00,10.56,-,-,-,2,-
400,Peshawar Zalmi,Haris Sohail,2017-2018,6,-,0,-,-,-,-,0.00,-,-,-,-,-,-
401,Peshawar Zalmi,Hasan Ali,2016-2020,45,44,991,1,1235,59,4/15,20.93,7.47,16.7,-,-,15,-
402,Peshawar Zalmi,Haseebullah Khan,2023-2024,14,-,0,-,-,-,-,0.00,-,-,-,-,12,1
403,Peshawar Zalmi,Hazratullah Zazai,2021-2022,12,-,0,-,-,-,-,0.00,-,-,-,-,4,-
404,Peshawar Zalmi,BJ Hodge,2016-2016,4,-,0,-,-,-,-,0.00,-,-,-,-,-,-
405,Peshawar Zalmi,BAC Howell,2022-2022,1,1,21,-,34,1,1/34,34.00,9.71,21.0,-,-,-,-
406,Peshawar Zalmi,Hussain Talat,2022-2024,10,6,102,-,134,4,1/8,33.50,7.88,25.5,-,-,1,-
407,Peshawar Zalmi,Ibtisam Sheikh,2018-2019,8,8,144,-,178,9,3/20,19.77,7.41,16.0,-,-,4,-
408,Peshawar Zalmi,Iftikhar Ahmed,2017-2017,3,1,12,-,8,2,2/8,4.00,4.00,6.0,-,-,2,-
409,Peshawar Zalmi,Imam-ul-Haq,2019-2021,22,-,0,-,-,-,-,0.00,-,-,-,-,8,-
410,Peshawar Zalmi,Imran Khan,2016-2017,2,2,48,-,77,2,1/35,38.50,9.62,24.0,-,-,2,-
411,Peshawar Zalmi,CJ Jordan,2017-2019,13,13,264,-,337,16,3/26,21.06,7.65,16.5,-,-,12,-
412,Peshawar Zalmi,Junaid Khan,2016-2017,9,8,192,1,279,8,2/32,34.87,8.71,24.0,-,-,1,-
413,Peshawar Zalmi,Kamran Akmal,2016-2022,75,-,0,-,-,-,-,0.00,-,-,-,-,53,9
414,Peshawar Zalmi,Khalid Usman,2018-2022,5,4,90,-,114,3,1/17,38.00,7.60,30.0,-,-,-,-
415,Peshawar Zalmi,Khurram Shahzad,2023-2024,5,5,93,-,146,6,3/13,24.33,9.41,15.5,-,-,1,-
416,Peshawar Zalmi,Khushdil Shah,2017-2018,4,-,0,-,-,-,-,0.00,-,-,-,-,1,-
417,Peshawar Zalmi,T Kohler-Cadmore,2021-2024,26,-,0,-,-,-,-,0.00,-,-,-,-,12,-
418,Peshawar Zalmi,LS Livingstone,2020-2022,12,5,84,-,122,2,1/22,61.00,8.71,42.0,-,-,9,-
419,Peshawar Zalmi,WL Madsen,2019-2019,2,-,0,-,-,-,-,0.00,-,-,-,-,-,-
420,Peshawar Zalmi,S Mahmood,2020-2022,8,8,175,-,267,17,3/12,15.70,9.15,10.2,-,-,2,-
421,Peshawar Zalmi,DJ Malan,2016-2019,16,-,0,-,-,-,-,0.00,-,-,-,-,7,-
422,Peshawar Zalmi,Mehran Mumtaz,2024-2024,5,5,114,-,126,5,2/22,25.20,6.63,22.8,-,-,3,-
423,Peshawar Zalmi,DA Miller,2021-2021,3,-,0,-,-,-,-,0.00,-,-,-,-,1,-
424,Peshawar Zalmi,TS Mills,2019-2019,5,5,114,-,137,7,3/29,19.57,7.21,16.2,-,-,-,-
425,Peshawar Zalmi,Misbah-ul-Haq,2019-2019,3,-,0,-,-,-,-,0.00,-,-,-,-,-,-
426,Peshawar Zalmi,Mohammad Amir Khan,2020-2020,4,4,72,-,107,3,1/11,35.66,8.91,24.0,-,-,1,-
427,Peshawar Zalmi,Mohammad Asghar,2016-2018,21,21,382,1,489,21,3/16,23.28,7.68,18.1,-,-,8,-
428,Peshawar Zalmi,Mohammad Hafeez,2016-2018,33,6,90,-,97,7,2/7,13.85,6.46,12.8,-,-,13,-
429,Peshawar Zalmi,Mohammad Haris,2022-2024,27,-,0,-,-,-,-,0.00,-,-,-,-,22,2
430,Peshawar Zalmi,Mohammad Imran,2020-2020,1,1,12,-,16,1,1/16,16.00,8.00,12.0,-,-,-,-
431,Peshawar Zalmi,Mohammad Imran,2021-2021,11,11,249,-,340,9,2/47,37.77,8.19,27.6,-,-,-,-
432,Peshawar Zalmi,Mohammad Irfan,2021-2021,10,10,240,-,271,10,3/27,27.10,6.77,24.0,-,-,3,-
433,Peshawar Zalmi,Mohammad Mohsin,2020-2020,2,1,24,-,35,1,1/35,35.00,8.75,24.0,-,-,-,-
434,Peshawar Zalmi,Mohammad Umar,2022-2022,6,6,120,-,187,5,3/22,37.40,9.35,24.0,-,-,-,-
435,Peshawar Zalmi,Mohammad Zeeshan,2024-2024,3,3,66,-,112,1,1/38,112.00,10.18,66.0,-,-,-,-
436,Peshawar Zalmi,EJG Morgan,2017-2017,6,-,0,-,-,-,-,0.00,-,-,-,-,2,-
437,Peshawar Zalmi,DR Mousley,2024-2024,1,1,18,-,22,-,-,0.00,7.33,-,-,-,-,-
438,Peshawar Zalmi,Mujeeb Ur Rahman,2021-2023,11,11,264,-,381,6,2/28,63.50,8.65,44.0,-,-,3,-
439,Peshawar Zalmi,Nabi Gul,2019-2019,2,1,5,-,4,-,-,0.00,4.80,-,-,-,1,-
440,Peshawar Zalmi,Naveen-ul-Haq,2024-2024,6,6,132,1,214,9,2/22,23.77,9.72,14.6,-,-,-,-
441,Peshawar Zalmi,JDS Neesham,2023-2023,7,7,132,-,199,6,2/23,33.16,9.04,22.0,-,-,1,-
442,Peshawar Zalmi,KA Pollard,2019-2019,13,12,172,-,229,5,1/10,45.80,7.98,34.4,-,-,10,-
443,Peshawar Zalmi,R Powell,2021-2024,27,2,18,-,45,1,1/37,45.00,15.00,18.0,-,-,10,-
444,Peshawar Zalmi,Rahat Ali,2020-2020,10,10,217,-,302,9,3/24,33.55,8.35,24.1,-,-,1,-
445,Peshawar Zalmi,PBB Rajapaksa,2023-2023,5,-,0,-,-,-,-,0.00,-,-,-,-,2,-
446,Peshawar Zalmi,SE Rutherford,2021-2022,22,-,0,-,-,-,-,0.00,-,-,-,-,4,-
447,Peshawar Zalmi,Saad Masood,2023-2023,1,1,18,-,40,-,-,0.00,13.33,-,-,-,-,-
448,Peshawar Zalmi,Saad Nasim,2018-2018,5,-,0,-,-,-,-,0.00,-,-,-,-,1,-
449,Peshawar Zalmi,Sabbir Rahman,2018-2018,2,-,0,-,-,-,-,0.00,-,-,-,-,3,-
450,Peshawar Zalmi,Saim Ayub,2023-2024,23,11,162,-,206,9,2/15,22.88,7.62,18.0,-,-,11,-
451,Peshawar Zalmi,Salman Irshad,2022-2024,22,22,509,-,790,30,3/29,26.33,9.31,16.9,-,-,1,-
452,Peshawar Zalmi,Sameen Gul,2018-2022,19,19,420,-,595,23,3/29,25.86,8.50,18.2,-,-,2,-
453,Peshawar Zalmi,DJG Sammy,2016-2020,49,16,160,-,256,9,2/21,28.44,9.60,17.7,-,-,17,-
454,Peshawar Zalmi,MN Samuels,2017-2017,5,-,0,-,-,-,-,0.00,-,-,-,-,1,-
455,Peshawar Zalmi,Shahid Afridi,2016-2017,20,19,390,3,433,12,5/7,36.08,6.66,32.5,1,-,4,-
456,Peshawar Zalmi,Shahid Yousuf,2016-2016,9,-,0,-,-,-,-,0.00,-,-,-,-,3,-
457,Peshawar Zalmi,MD Shanaka,2023-2023,2,1,12,-,22,-,-,0.00,11.00,-,-,-,-,-
458,Peshawar Zalmi,Shakib Al Hasan,2017-2023,6,5,90,2,109,5,2/14,21.80,7.26,18.0,-,-,-,-
459,Peshawar Zalmi,Shoaib Malik,2020-2022,33,17,186,-,231,4,1/2,57.75,7.45,46.5,-,-,14,-
460,Peshawar Zalmi,DR Smith,2018-2018,10,3,10,-,20,-,-,0.00,12.00,-,-,-,2,-
461,Peshawar Zalmi,Sohaib Maqsood,2017-2020,12,1,6,-,8,-,-,0.00,8.00,-,-,-,3,-
462,Peshawar Zalmi,Sohail Khan,2022-2022,2,2,42,-,96,-,-,0.00,13.71,-,-,-,-,-
463,Peshawar Zalmi,Sufiyan Muqeem,2023-2023,5,5,78,-,113,4,3/37,28.25,8.69,19.5,-,-,1,-
464,Peshawar Zalmi,SW Tait,2016-2016,9,9,210,1,262,10,2/23,26.20,7.48,21.0,-,-,1,-
465,Peshawar Zalmi,Tamim Iqbal,2016-2018,17,-,0,-,-,-,-,0.00,-,-,-,-,3,-
466,Peshawar Zalmi,Umaid Asif,2018-2021,29,29,645,-,893,28,4/23,31.89,8.30,23.0,-,-,7,-
467,Peshawar Zalmi,Umar Amin,2019-2020,12,-,0,-,-,-,-,0.00,-,-,-,-,6,-
468,Peshawar Zalmi,Usman Qadir,2022-2023,10,10,198,-,341,11,3/25,31.00,10.33,18.0,-,-,-,-
469,Peshawar Zalmi,GC Viljoen,2020-2020,1,1,12,-,23,-,-,0.00,11.50,-,-,-,1,-
470,Peshawar Zalmi,Wahab Riaz,2016-2023,88,87,1973,3,2563,113,4/17,22.68,7.79,17.4,-,-,24,-
471,Peshawar Zalmi,PI Walter,2024-2024,5,5,66,-,108,2,1/35,54.00,9.81,33.0,-,-,1,-
472,Peshawar Zalmi,Waqar Salamkheil,2021-2024,2,2,42,-,92,1,1/54,92.00,13.14,42.0,-,-,-,-
473,Peshawar Zalmi,JW Wells,2021-2021,2,-,0,-,-,-,-,0.00,-,-,-,-,-,-
474,Peshawar Zalmi,MH Wessels,2018-2018,4,-,0,-,-,-,-,0.00,-,-,-,-,-,-
475,Peshawar Zalmi,L Wood,2024-2024,11,11,254,1,349,12,2/13,29.08,8.24,21.1,-,-,1,-
476,Peshawar Zalmi,Yasir Khan,2022-2022,4,-,0,-,-,-,-,0.00,-,-,-,-,-,-
477,Peshawar Zalmi,Yasir Shah,2020-2020,4,4,72,-,112,3,2/28,37.33,9.33,24.0,-,-,2,-
478,Quetta Gladiators,Abdul Bangalzai,2022-2023,5,-,0,-,-,-,-,0.00,-,-,-,-,-,-
479,Quetta Gladiators,Abdul Nasir,2020-2021,2,2,42,-,41,1,1/15,41.00,5.85,42.0,-,-,2,-
480,Quetta Gladiators,Abrar Ahmed,2024-2024,10,10,240,-,313,16,3/18,19.56,7.82,15.0,-,-,2,-
481,Quetta Gladiators,Ahmed Shehzad,2016-2020,35,-,0,-,-,-,-,0.00,-,-,-,-,13,-
482,Quetta Gladiators,Ahsan Ali,2019-2022,19,1,6,-,9,1,1/9,9.00,9.00,6.0,-,-,8,-
483,Quetta Gladiators,Aimal Khan,2023-2023,4,4,84,-,165,3,2/26,55.00,11.78,28.0,-,-,-,-
484,Quetta Gladiators,Aizaz Cheema,2016-2016,4,4,84,-,104,6,2/14,17.33,7.42,14.0,-,-,3,-
485,Quetta Gladiators,Akbar-ur-Rehman,2016-2016,7,3,24,-,29,-,-,0.00,7.25,-,-,-,3,-
486,Quetta Gladiators,Anamul Haque,2017-2017,1,-,0,-,-,-,-,0.00,-,-,-,-,-,-
487,Quetta Gladiators,Anwar Ali,2016-2021,36,34,613,1,893,23,2/21,38.82,8.74,26.6,-,-,12,-
488,Quetta Gladiators,JC Archer,2018-2018,2,2,48,-,53,5,3/23,10.60,6.62,9.6,-,-,1,-
489,Quetta Gladiators,Arish Ali,2021-2021,1,1,24,-,28,4,4/28,7.00,7.00,6.0,-,-,-,-
490,Quetta Gladiators,Asad Shafiq,2016-2018,16,-,0,-,-,-,-,0.00,-,-,-,-,6,-
491,Quetta Gladiators,Ashir Qureshi,2022-2022,4,2,42,-,61,1,1/31,61.00,8.71,42.0,-,-,-,-
492,Quetta Gladiators,Azam Khan,2019-2021,20,-,0,-,-,-,-,0.00,-,-,-,-,4,-
493,Quetta Gladiators,T Banton,2021-2021,2,-,0,-,-,-,-,0.00,-,-,-,-,-,-
494,Quetta Gladiators,Bismillah Khan,2016-2016,3,-,0,-,-,-,-,0.00,-,-,-,-,-,-
495,Quetta Gladiators,DJ Bravo,2019-2019,6,6,144,-,199,7,3/19,28.42,8.29,20.5,-,-,2,-
496,Quetta Gladiators,E Chigumbura,2016-2016,5,-,0,-,-,-,-,0.00,-,-,-,-,2,-
497,Quetta Gladiators,BCJ Cutting,2020-2021,12,8,131,-,247,9,3/31,27.44,11.31,14.5,-,-,3,-
498,Quetta Gladiators,Danish Aziz,2019-2019,1,1,3,-,6,-,-,0.00,12.00,-,-,-,-,-
499,Quetta Gladiators,CS Delport,2021-2021,5,1,6,-,25,-,-,0.00,25.00,-,-,-,1,-
500,Quetta Gladiators,BM Duckett,2022-2022,4,-,0,-,-,-,-,0.00,-,-,-,-,2,-
501,Quetta Gladiators,F du Plessis,2021-2021,5,-,0,-,-,-,-,0.00,-,-,-,-,3,-
502,Quetta Gladiators,GD Elliott,2016-2016,6,6,132,-,134,11,4/15,12.18,6.09,12.0,-,-,2,-
503,Quetta Gladiators,RR Emrit,2017-2017,1,1,24,-,30,3,3/30,10.00,7.50,8.0,-,-,-,-
504,Quetta Gladiators,SM Ervine,2017-2017,1,-,0,-,-,-,-,0.00,-,-,-,-,-,-
505,Quetta Gladiators,LJ Evans,2024-2024,4,-,0,-,-,-,-,0.00,-,-,-,-,4,-
506,Quetta Gladiators,JP Faulkner,2022-2022,6,6,120,-,196,6,2/47,32.66,9.80,20.0,-,-,-,-
507,Quetta Gladiators,Fawad Ahmed,2019-2020,17,17,389,-,463,15,3/15,30.86,7.14,25.9,-,-,-,-
508,Quetta Gladiators,CH Gayle,2021-2021,2,-,0,-,-,-,-,0.00,-,-,-,-,-,-
509,Quetta Gladiators,Ghulam Mudassar,2019-2022,10,10,214,-,363,11,3/21,33.00,10.17,19.4,-,-,1,-
510,Quetta Gladiators,MJ Guptill,2023-2023,9,-,0,-,-,-,-,0.00,-,-,-,-,3,-
511,Quetta Gladiators,HF Gurney,2019-2019,1,1,12,-,13,1,1/13,13.00,6.50,12.0,-,-,-,-
512,Quetta Gladiators,Hassan Khan,2017-2022,26,26,446,-,554,16,2/10,34.62,7.45,27.8,-,-,16,-
513,Quetta Gladiators,JW Hastings,2018-2018,3,3,60,-,77,2,1/25,38.50,7.70,30.0,-,-,1,-
514,Quetta Gladiators,AJ Hosein,2024-2024,10,10,240,-,308,15,4/23,20.53,7.70,16.0,-,-,2,-
515,Quetta Gladiators,Iftikhar Ahmed,2022-2023,20,11,81,-,125,3,1/2,41.66,9.25,27.0,-,-,13,-
516,Quetta Gladiators,Khawaja Nafay,2024-2024,10,-,0,-,-,-,-,0.00,-,-,-,-,3,-
517,Quetta Gladiators,Khurram Manzoor,2020-2020,1,-,0,-,-,-,-,0.00,-,-,-,-,-,-
518,Quetta Gladiators,Khurram Shahzad,2021-2022,7,7,144,-,178,12,4/22,14.83,7.41,12.0,-,-,1,-
519,Quetta Gladiators,T Kohler-Cadmore,2018-2018,1,-,0,-,-,-,-,0.00,-,-,-,-,2,-
520,Quetta Gladiators,B Laughlin,2018-2018,3,3,60,-,79,3,1/9,26.33,7.90,20.0,-,-,3,-
521,Quetta Gladiators,NL McCullum,2016-2016,2,1,18,-,24,1,1/24,24.00,8.00,18.0,-,-,1,-
522,Quetta Gladiators,Mahmudullah,2017-2018,9,7,104,-,137,8,3/21,17.12,7.90,13.0,-,-,2,-
523,Quetta Gladiators,TS Mills,2017-2020,9,9,210,-,267,12,3/20,22.25,7.62,17.5,-,-,3,-
524,Quetta Gladiators,Mir Hamza,2017-2018,4,4,90,-,143,4,1/27,35.75,9.53,22.5,-,-,1,-
525,Quetta Gladiators,Mohammad Amir,2024-2024,9,9,204,-,286,10,2/20,28.60,8.41,20.4,-,-,-,-
526,Quetta Gladiators,Mohammad Hafeez,2023-2023,7,6,48,-,64,-,-,0.00,8.00,-,-,-,-,-
527,Quetta Gladiators,Mohammad Hasnain,2019-2024,39,39,857,2,1280,51,4/25,25.09,8.96,16.8,-,-,6,-
528,Quetta Gladiators,Mohammad Irfan,2022-2022,2,2,45,-,56,2,1/28,28.00,7.46,22.5,-,-,-,-
529,Quetta Gladiators,Mohammad Irfan,2019-2019,3,3,72,-,106,3,2/32,35.33,8.83,24.0,-,-,2,-
530,Quetta Gladiators,Mohammad Nabi,2016-2016,8,8,162,-,208,4,2/32,52.00,7.70,40.5,-,-,4,-
531,Quetta Gladiators,Mohammad Nawaz,2016-2023,76,76,1504,1,1887,70,4/13,26.95,7.52,21.4,-,-,38,-
532,Quetta Gladiators,Mohammad Wasim,2024-2024,8,8,180,-,297,9,3/20,33.00,9.90,20.0,-,-,4,-
533,Quetta Gladiators,Najibullah Zadran,2023-2023,2,-,0,-,-,-,-,0.00,-,-,-,-,2,-
534,Quetta Gladiators,Naseem Shah,2020-2023,29,29,613,-,817,26,5/20,31.42,7.99,23.5,1,-,7,-
535,Quetta Gladiators,Naveen-ul-Haq,2023-2023,4,4,96,-,157,4,2/36,39.25,9.81,24.0,-,-,1,-
536,Quetta Gladiators,Noor Ahmad,2022-2022,4,4,96,-,138,2,1/24,69.00,8.62,48.0,-,-,1,-
537,Quetta Gladiators,Omair Yousuf,2023-2024,6,-,0,-,-,-,-,0.00,-,-,-,-,1,-
538,Quetta Gladiators,NLTC Perera,2017-2018,7,7,115,-,179,7,3/34,25.57,9.33,16.4,-,-,6,-
539,Quetta Gladiators,KP Pietersen,2016-2018,27,-,0,-,-,-,-,0.00,-,-,-,-,5,-
540,Quetta Gladiators,D Pretorius,2023-2023,2,2,48,-,79,1,1/40,79.00,9.87,48.0,-,-,-,-
541,Quetta Gladiators,Qais Ahmad,2021-2023,6,6,138,-,247,9,3/21,27.44,10.73,15.3,-,-,-,-
542,Quetta Gladiators,Rahat Ali,2018-2018,11,11,254,-,322,15,4/16,21.46,7.60,16.9,-,-,1,-
543,Quetta Gladiators,Rameez Raja,2018-2018,5,-,0,-,-,-,-,0.00,-,-,-,-,-,-
544,Quetta Gladiators,RR Rossouw,2017-2024,41,3,16,-,17,2,1/3,8.50,6.37,8.0,-,-,12,-
545,Quetta Gladiators,JJ Roy,2018-2024,33,-,0,-,-,-,-,0.00,-,-,-,-,20,-
546,Quetta Gladiators,AD Russell,2021-2021,1,-,0,-,-,-,-,0.00,-,-,-,-,-,-
547,Quetta Gladiators,SE Rutherford,2024-2024,6,-,0,-,-,-,-,0.00,-,-,-,-,1,-
548,Quetta Gladiators,Saad Nasim,2017-2017,3,1,6,-,9,-,-,0.00,9.00,-,-,-,1,-
549,Quetta Gladiators,Saim Ayub,2021-2021,7,-,0,-,-,-,-,0.00,-,-,-,-,1,-
550,Quetta Gladiators,Sajjad Ali,2024-2024,1,-,0,-,-,-,-,0.00,-,-,-,-,1,-
551,Quetta Gladiators,KC Sangakkara,2016-2016,4,-,0,-,-,-,-,0.00,-,-,-,-,-,-
552,Quetta Gladiators,Sarfaraz Ahmed,2016-2024,86,1,4,-,6,-,-,0.00,9.00,-,-,-,43,13
553,Quetta Gladiators,Saud Shakeel,2024-2024,10,2,12,-,15,1,1/5,15.00,7.50,12.0,-,-,3,-
554,Quetta Gladiators,Shahid Afridi,2022-2022,3,3,66,-,119,3,2/27,39.66,10.81,22.0,-,-,-,-
555,Quetta Gladiators,WCF Smeed,2022-2023,10,-,0,-,-,-,-,0.00,-,-,-,-,5,-
556,Quetta Gladiators,DR Smith,2019-2019,5,1,2,-,6,-,-,0.00,18.00,-,-,-,1,-
557,Quetta Gladiators,OF Smith,2023-2023,6,6,123,-,212,5,2/41,42.40,10.34,24.6,-,-,1,-
558,Quetta Gladiators,Sohail Khan,2020-2024,11,10,223,-,344,8,2/21,43.00,9.25,27.8,-,-,2,-
559,Quetta Gladiators,Sohail Tanvir,2019-2022,19,19,438,1,584,17,4/21,34.35,8.00,25.7,-,-,7,-
560,Quetta Gladiators,DW Steyn,2021-2021,3,3,64,-,98,4,2/44,24.50,9.18,16.0,-,-,-,-
561,Quetta Gladiators,N Thushara,2023-2023,1,1,12,-,21,1,1/21,21.00,10.50,12.0,-,-,-,-
562,Quetta Gladiators,Umaid Asif,2023-2023,3,3,68,-,119,4,3/37,29.75,10.50,17.0,-,-,1,-
563,Quetta Gladiators,Umar Akmal,2019-2023,23,-,0,-,-,-,-,0.00,-,-,-,-,7,1
564,Quetta Gladiators,Umar Amin,2018-2018,6,-,0,-,-,-,-,0.00,-,-,-,-,2,-
565,Quetta Gladiators,Umar Gul,2016-2017,8,7,150,-,213,5,2/19,42.60,8.52,30.0,-,-,1,-
566,Quetta Gladiators,Usman Khan,2021-2021,6,-,0,-,-,-,-,0.00,-,-,-,-,3,-
567,Quetta Gladiators,Usman Shinwari,2021-2021,5,5,108,-,173,5,3/32,34.60,9.61,21.6,-,-,-,-
568,Quetta Gladiators,Usman Tariq,2024-2024,5,5,117,-,143,2,2/16,71.50,7.33,58.5,-,-,-,-
569,Quetta Gladiators,MN van Wyk,2017-2017,1,-,0,-,-,-,-,0.00,-,-,-,-,-,-
570,Quetta Gladiators,JM Vince,2022-2022,6,-,0,-,-,-,-,0.00,-,-,-,-,2,-
571,Quetta Gladiators,SR Watson,2018-2020,31,11,222,-,286,12,3/22,23.83,7.72,18.5,-,-,8,-
572,Quetta Gladiators,J Weatherald,2021-2021,5,-,0,-,-,-,-,0.00,-,-,-,-,1,-
573,Quetta Gladiators,JD Wildermuth,2021-2021,2,2,24,-,65,-,-,0.00,16.25,-,-,-,-,-
574,Quetta Gladiators,L Wood,2022-2022,1,1,24,-,45,1,1/45,45.00,11.25,24.0,-,-,-,-
575,Quetta Gladiators,LJ Wright,2016-2017,7,-,0,-,-,-,-,0.00,-,-,-,-,1,-
576,Quetta Gladiators,Yasir Khan,2023-2023,2,-,0,-,-,-,-,0.00,-,-,-,-,2,-
577,Quetta Gladiators,Zahid Mahmood,2020-2021,7,7,137,-,243,6,2/29,40.50,10.64,22.8,-,-,-,-
578,Quetta Gladiators,Zahir Khan,2021-2021,2,2,48,-,56,1,1/25,56.00,7.00,48.0,-,-,1,-
579,Quetta Gladiators,Zahoor Khan,2021-2021,1,1,6,-,23,-,-,0.00,23.00,-,-,-,-,-
580,Quetta Gladiators,Zulfiqar Babar,2016-2017,18,18,432,2,499,15,2/17,33.26,6.93,28.8,-,-,7,-
